LINKDATA_0,0,text/CTextWordFixData_NormalSize[0].tfd
LINKDATA_0,1,text/CTextWordFixData_NormalSize[1].tfd
LINKDATA_0,2,text/CTextWordFixData_NormalSize[2].tfd
LINKDATA_0,3,text/CTextWordFixData_NormalSize[3].tfd
LINKDATA_0,4,text/CTextWordFixData_NormalSize[4].tfd
LINKDATA_0,5,text/CTextWordFixData_NormalSize[5].tfd
LINKDATA_0,6,text/CTextWordFixData_NormalSize[6].tfd
LINKDATA_0,7,text/CTextWordFixData_NormalSize[7].tfd
LINKDATA_0,8,text/CTextWordFixData_BigSize[0].tfd
LINKDATA_0,9,text/CTextWordFixData_BigSize[1].tfd
LINKDATA_0,10,text/CTextWordFixData_BigSize[2].tfd
LINKDATA_0,11,text/CTextWordFixData_BigSize[3].tfd
LINKDATA_0,12,text/CTextWordFixData_BigSize[4].tfd
LINKDATA_0,13,text/CTextWordFixData_BigSize[5].tfd
LINKDATA_0,14,text/CTextWordFixData_BigSize[6].tfd
LINKDATA_0,15,text/CTextWordFixData_BigSize[7].tfd
LINKDATA_0,16,text/CAllTextSentenceFixData[0].tfd
LINKDATA_0,17,text/CAllTextSentenceFixData[1].tfd
LINKDATA_0,18,text/CAllTextSentenceFixData[2].tfd
LINKDATA_0,19,text/CAllTextSentenceFixData[3].tfd
LINKDATA_0,20,text/CAllTextSentenceFixData[4].tfd
LINKDATA_0,21,text/CAllTextSentenceFixData[5].tfd
LINKDATA_0,22,text/CAllTextSentenceFixData[6].tfd
LINKDATA_0,23,text/CAllTextSentenceFixData[7].tfd
LINKDATA_0,24,text/CAllSpeechTalkTextData[0].tfd
LINKDATA_0,25,text/CAllSpeechTalkTextData[1].tfd
LINKDATA_0,26,text/CAllSpeechTalkTextData[2].tfd
LINKDATA_0,27,text/CAllSpeechTalkTextData[3].tfd
LINKDATA_0,28,text/CAllSpeechTalkTextData[4].tfd
LINKDATA_0,29,text/CAllSpeechTalkTextData[5].tfd
LINKDATA_0,30,text/CAllSpeechTalkTextData[6].tfd
LINKDATA_0,31,text/CAllSpeechTalkTextData[7].tfd
LINKDATA_0,32,text/CAllGeneralSpeechTextData[0].tfd
LINKDATA_0,33,text/CAllGeneralSpeechTextData[1].tfd
LINKDATA_0,34,text/CAllGeneralSpeechTextData[2].tfd
LINKDATA_0,35,text/CAllGeneralSpeechTextData[3].tfd
LINKDATA_0,36,text/CAllGeneralSpeechTextData[4].tfd
LINKDATA_0,37,text/CAllGeneralSpeechTextData[5].tfd
LINKDATA_0,38,text/CAllGeneralSpeechTextData[6].tfd
LINKDATA_0,39,text/CAllGeneralSpeechTextData[7].tfd
LINKDATA_0,40,text/CAllRealSpeechTextData[0].tfd
LINKDATA_0,41,text/CAllRealSpeechTextData[1].tfd
LINKDATA_0,42,text/CAllRealSpeechTextData[2].tfd
LINKDATA_0,43,text/CAllRealSpeechTextData[3].tfd
LINKDATA_0,44,text/CAllRealSpeechTextData[4].tfd
LINKDATA_0,45,text/CAllRealSpeechTextData[5].tfd
LINKDATA_0,46,text/CAllRealSpeechTextData[6].tfd
LINKDATA_0,47,text/CAllRealSpeechTextData[7].tfd
LINKDATA_0,48,text/CAllSystemTalkTextData[0].tfd
LINKDATA_0,49,text/CAllSystemTalkTextData[1].tfd
LINKDATA_0,50,text/CAllSystemTalkTextData[2].tfd
LINKDATA_0,51,text/CAllSystemTalkTextData[3].tfd
LINKDATA_0,52,text/CAllSystemTalkTextData[4].tfd
LINKDATA_0,53,text/CAllSystemTalkTextData[5].tfd
LINKDATA_0,54,text/CAllSystemTalkTextData[6].tfd
LINKDATA_0,55,text/CAllSystemTalkTextData[7].tfd
LINKDATA_0,56,text/CAllTextGoalFixData[0].tfd
LINKDATA_0,57,text/CAllTextGoalFixData[1].tfd
LINKDATA_0,58,text/CAllTextGoalFixData[2].tfd
LINKDATA_0,59,text/CAllTextGoalFixData[3].tfd
LINKDATA_0,60,text/CAllTextGoalFixData[4].tfd
LINKDATA_0,61,text/CAllTextGoalFixData[5].tfd
LINKDATA_0,62,text/CAllTextGoalFixData[6].tfd
LINKDATA_0,63,text/CAllTextGoalFixData[7].tfd
LINKDATA_0,64,text/CAllTextRequestFixData[0].tfd
LINKDATA_0,65,text/CAllTextRequestFixData[1].tfd
LINKDATA_0,66,text/CAllTextRequestFixData[2].tfd
LINKDATA_0,67,text/CAllTextRequestFixData[3].tfd
LINKDATA_0,68,text/CAllTextRequestFixData[4].tfd
LINKDATA_0,69,text/CAllTextRequestFixData[5].tfd
LINKDATA_0,70,text/CAllTextRequestFixData[6].tfd
LINKDATA_0,71,text/CAllTextRequestFixData[7].tfd
LINKDATA_0,72,text/CAllTexturePackFixData[0].tpf
LINKDATA_0,73,text/CAllTexturePackFixData[1].tpf
LINKDATA_0,74,text/CAllTexturePackFixData[2].tpf
LINKDATA_0,75,text/CAllTexturePackFixData[3].tpf
LINKDATA_0,76,text/CAllTexturePackFixData[4].tpf
LINKDATA_0,77,text/CAllTexturePackFixData[5].tpf
LINKDATA_0,78,text/CAllTexturePackFixData[6].tpf
LINKDATA_0,79,text/CAllTexturePackFixData[7].tpf
LINKDATA_0,80,text/CAllTextConditionFixData[0].tfd
LINKDATA_0,81,text/CAllTextConditionFixData[1].tfd
LINKDATA_0,82,text/CAllTextConditionFixData[2].tfd
LINKDATA_0,83,text/CAllTextConditionFixData[3].tfd
LINKDATA_0,84,text/CAllTextConditionFixData[4].tfd
LINKDATA_0,85,text/CAllTextConditionFixData[5].tfd
LINKDATA_0,86,text/CAllTextConditionFixData[6].tfd
LINKDATA_0,87,text/CAllTextConditionFixData[7].tfd
LINKDATA_0,88,text/CAllTextSteamFixData[0].tfd
LINKDATA_0,89,text/CAllTextSteamFixData[1].tfd
LINKDATA_0,90,text/CAllTextSteamFixData[2].tfd
LINKDATA_0,91,text/CAllTextSteamFixData[3].tfd
LINKDATA_0,92,text/CAllTextSteamFixData[4].tfd
LINKDATA_0,93,text/CAllTextSteamFixData[5].tfd
LINKDATA_0,94,text/CAllTextSteamFixData[6].tfd
LINKDATA_0,95,text/CAllTextSteamFixData[7].tfd
LINKDATA_0,96,text/CAllCutInHelpTextFixData2[0].tfd
LINKDATA_0,97,text/CAllCutInHelpTextFixData2[1].tfd
LINKDATA_0,98,text/CAllCutInHelpTextFixData2[2].tfd
LINKDATA_0,99,text/CAllCutInHelpTextFixData2[3].tfd
LINKDATA_0,100,text/CAllCutInHelpTextFixData2[4].tfd
LINKDATA_0,101,text/CAllCutInHelpTextFixData2[5].tfd
LINKDATA_0,102,text/CAllCutInHelpTextFixData2[6].tfd
LINKDATA_0,103,text/CAllCutInHelpTextFixData2[7].tfd
LINKDATA_0,8104,text/8104.bxls
LINKDATA_0,8112,text/8112.bxls
LINKDATA_0,8120,text/CAllCutInHelpTextFixData[0].tfd
LINKDATA_0,8121,text/CAllCutInHelpTextFixData[1].tfd
LINKDATA_0,8122,text/CAllCutInHelpTextFixData[2].tfd
LINKDATA_0,8123,text/CAllCutInHelpTextFixData[3].tfd
LINKDATA_0,8124,text/CAllCutInHelpTextFixData[4].tfd
LINKDATA_0,8125,text/CAllCutInHelpTextFixData[5].tfd
LINKDATA_0,8126,text/CAllCutInHelpTextFixData[6].tfd
LINKDATA_0,8127,text/CAllCutInHelpTextFixData[7].tfd
LINKDATA_0,8128,ui/CAllKeyGuideTypeFixData.bin
LINKDATA_0,8129,ui/CAllScreenLayoutFixData.bin
LINKDATA_0,8146,battle/CAllGrowExpFixData.sgfd
LINKDATA_0,8147,battle/CAllGrowHPFixData.sgfd
LINKDATA_0,8148,battle/CAllGrowSPFixData.sgfd
LINKDATA_0,8149,battle/CAllGrowStrengthFixData.sgfd
LINKDATA_0,8150,battle/CAllGrowIntelligenceFixData.sgfd
LINKDATA_0,8151,battle/CAllGrowVitalityFixData.sgfd
LINKDATA_0,8152,battle/CAllGrowAgilityFixData.sgfd
LINKDATA_0,8153,battle/CAllGrowLuckFixData.sgfd
LINKDATA_0,8154,battle/CAllGrowSkillFixData.sgfd
LINKDATA_0,8155,speech/CAllSpeechTalkFixData.bin
LINKDATA_0,8156,speech/CAllGeneralSpeechFixData.bin
LINKDATA_0,8157,speech/CAllRealSpeechTalkFixData.bin
LINKDATA_0,8158,sns/CAllSnsMesFixData[0].bin
LINKDATA_0,8159,sns/CAllSnsMesFixData[1].bin
LINKDATA_0,8160,sns/CAllSnsMesFixData[2].bin
LINKDATA_0,8161,sns/CAllSnsMesFixData[3].bin
LINKDATA_0,8162,sns/CAllSnsMesFixData[4].bin
LINKDATA_0,8163,sns/CAllSnsMesFixData[5].bin
LINKDATA_0,8164,sns/CAllSnsMesFixData[6].bin
LINKDATA_0,8165,sns/CAllSnsMesFixData[7].bin
LINKDATA_0,8166,sns/CAllSnsGroupFixData.bin
LINKDATA_0,8167,sns/CAllSnsMemberFixData.bin
LINKDATA_0,8168,gaya/CAllGayaFixData.bin
LINKDATA_0,8176,gaya/CAllGayaGroupFixData.bin
LINKDATA_0,8177,gaya/CAllGayaVoiceGroupFixData.bin
LINKDATA_0,8178,captions/CAllMoviecapFixData[0].bin
LINKDATA_0,8179,captions/CAllMoviecapFixData[1].bin
LINKDATA_0,8180,captions/CAllMoviecapFixData[2].bin
LINKDATA_0,8181,captions/CAllMoviecapFixData[3].bin
LINKDATA_0,8182,captions/CAllMoviecapFixData[4].bin
LINKDATA_0,8183,captions/CAllMoviecapFixData[5].bin
LINKDATA_0,8184,captions/CAllMoviecapFixData[6].bin
LINKDATA_0,8185,captions/CAllMoviecapFixData[7].bin
LINKDATA_0,8186,request/CAllRequestFixData.bin
LINKDATA_0,8187,request/CAllRequestTermsFixData.bin
LINKDATA_0,8188,system/CAllSystemTalkFixData.bin
LINKDATA_0,8189,sequence/CAllSequenceEventFixData.bin
LINKDATA_0,8190,sequence/CAllSequenceCharacterFixData.bin
LINKDATA_0,8191,sequence/CAllSequenceSpecialNeckBendFixData.bin
LINKDATA_0,8192,sequence/CAllSequenceSubEventFixData.bin
LINKDATA_0,8193,sequence/CAllSequencePersonaFixData.bin
LINKDATA_0,8194,sequence/CAllSequenceExpressionFixData.bin
LINKDATA_0,8195,sequence/CAllSequenceSpecialExpressionFixData.bin
LINKDATA_0,8196,speech/CAllGeneralSpeechSetFixData.bin
LINKDATA_0,8197,speech/CAllGeneralSpeechSetFlowFixData.bin
LINKDATA_0,8198,speech/CAllGeneralSpeechSetGroupFixData.bin
LINKDATA_0,8199,speech/CAllGeneralSpeechCategoryFixData.bin
LINKDATA_0,8200,ui/CAllMainMenuLayerFixData.bin
LINKDATA_0,8201,table/CAllPlayableCharacterFixData.bin
LINKDATA_0,8202,table/CAllPersonaFixData.bin
LINKDATA_0,8203,table/CAllUnitTypeFixData.bin
LINKDATA_0,8204,table/CAllUnitParamFixData.bin
LINKDATA_0,8205,table/CAllUnionPersonaFixData.bin
LINKDATA_0,8206,table/CAllPlayingRewardFixData.bin
LINKDATA_0,8207,table/CAllItemFixData.bin
LINKDATA_0,8208,table/CAllWeaponFixData.bin
LINKDATA_0,8209,table/CAllGunFixData.bin
LINKDATA_0,8210,table/CAllArmorFixData.bin
LINKDATA_0,8211,table/CAllAccessoryFixData.bin
LINKDATA_0,8212,table/CAllRecipeFixData.bin
LINKDATA_0,8213,table/CAllMovieFixData.bin
LINKDATA_0,8214,table/CAllMovieBgmCtrlFixData.bin
LINKDATA_0,8215,table/CAllMovieVibrationCtrlFixData.bin
LINKDATA_0,8216,table/CAllTrophyFixData.bin
LINKDATA_0,8217,table/CAllItemShopFixData.bin
LINKDATA_0,8218,table/CAllShopFixData.bin
LINKDATA_0,8219,table/CAllBandFixData.bin
LINKDATA_0,8220,table/CAllBandLevelFixData.bin
LINKDATA_0,8221,table/CAllBandPanelFixData.bin
LINKDATA_0,8222,table/CAllTutorialFixData.bin
LINKDATA_0,8223,table/CAllDifficultyFixData.bin
LINKDATA_0,8224,table/CAllStoryFixData.bin
LINKDATA_0,8225,battle/CAllBtlSnFixData.bin
LINKDATA_0,8226,battle/CAllBtlFixData.bin
LINKDATA_0,8227,table/CAllStageChapterFixData.bin
LINKDATA_0,8228,battle/CAllBattleCommonPlaceFixData.bin
LINKDATA_0,8229,battle/CAllBattleBossPlaceFixData.bin
LINKDATA_0,8230,battle/CAllBattleCommonGroupFixData.bin
LINKDATA_0,8231,table/CAllGoalConnectFixData.bin
LINKDATA_0,8232,table/CAllGoalSectionConnectFixData.bin
LINKDATA_0,8233,table/CAllDateSituationFixData.bin
LINKDATA_0,8234,table/CAllSituationSetDataFixData.bin
LINKDATA_0,8235,table/CAllRewardFixData.bin
LINKDATA_0,8236,table/CAllTreasurelFixData.bin
LINKDATA_0,8237,table/CAllNPCPositionPatternData.bin
LINKDATA_0,8238,table/CAllHackingBattleBonusData.bin
LINKDATA_0,8239,table/CAllHackingBattleBonusCategoryData.bin
LINKDATA_0,8240,table/CAllAlgoFixData.bin
LINKDATA_0,8241,model/CAllBodyModelResourceData.bin
LINKDATA_0,8242,model/P0300_cgdata_wpn.bin
LINKDATA_0,8243,model/P0300_cgdata_obj.bin
LINKDATA_0,8244,model/P0300_cgdata_prt.bin
LINKDATA_0,8245,model/CAllEyeDirectionData.bin
LINKDATA_0,8246,model/CAllFaceAspectData.bin
LINKDATA_0,8247,model/CAllWeaponPatternData.bin
LINKDATA_0,8248,model/CAllWeaponPatternChangeData.bin
LINKDATA_0,8249,battle/CAllSkillFixData.bin
LINKDATA_0,8250,battle/CAllSkillInheritTypeFixData.bin
LINKDATA_0,8251,battle/CAllBonusFixData.bin
LINKDATA_0,8252,battle/CAllConditionData.bin
LINKDATA_0,8253,battle/CAllConditionTypeData.bin
LINKDATA_0,8254,battle/CAllResistFixData.bin
LINKDATA_0,8255,camera/CAllShakeFixData.bin
LINKDATA_0,8256,camera/CAllCameraPosFixData.bin
LINKDATA_0,8257,camera/CAllCameraPosSetFixData.bin
LINKDATA_0,8258,camera/CAllPhantomMoveCameraFixData.bin
LINKDATA_0,8259,camera/CAllActionCameraFixData.bin
LINKDATA_0,8260,model/CAllModelSideFixData.bin
LINKDATA_0,8261,stage/CAllStageFixData.bin
LINKDATA_0,8262,stage/CAllStageSectionFixData.bin
LINKDATA_0,8263,stage/CAllStageConnectFixData.bin
LINKDATA_0,8264,stage/CAllStageConnectDstFixData.bin
LINKDATA_0,8265,stage/CAllStageObjEffectFixData.bin
LINKDATA_0,8266,stage/CAllSafeRoomFixData.bin
LINKDATA_0,8267,stage/CAllAgitFixData.bin
LINKDATA_0,8268,stage/CAllJailFixData.bin
LINKDATA_0,8269,stage/CAllShortcutFixData.bin
LINKDATA_0,8270,gimmick/CAllGimmickTypeFixData.bin
LINKDATA_0,8271,gimmick/CAllWarpToriiFixData.bin
LINKDATA_0,8272,gimmick/CAllItemPointFixData.bin
LINKDATA_0,8273,gimmick/CAllCampingCarItemFixData.bin
LINKDATA_0,8274,gimmick/CAllSearchLightFixData.bin
LINKDATA_0,8275,gimmick/CAllGimmickUseControlFixData.bin
LINKDATA_0,8276,gimmick/CAllGimmickAccessFixData.bin
LINKDATA_0,8277,mob/CAllMobSetFixData.bin
LINKDATA_0,8278,mob/CAllMobGeneratorFixData.bin
LINKDATA_0,8279,mob/CAllMobPointFixData.bin
LINKDATA_0,8280,mob/CAllMobItemAttachFixData.bin
LINKDATA_0,8281,mob/CAllMobItemPatternFixData.bin
LINKDATA_0,8282,mob/CAllMobStageProbFixData.bin
LINKDATA_0,8283,gimmick/CAllAccessPointFixData.bin
LINKDATA_0,8284,stage/CAllEnvSetFixData.bin
LINKDATA_0,8285,ui/CAllStillPackConvertFixData.bin
LINKDATA_0,8286,ui/CAllCutInDirectionFixData.bin
LINKDATA_0,8287,ui/CAllFilterFixData.bin
LINKDATA_0,8288,ui/CAllFilterSetFixData.bin
LINKDATA_0,8289,ui/CAllMinimapFixData.bin
LINKDATA_0,8290,ui/CAllEyeMouseFixData.bin
LINKDATA_0,8291,ui/CAllCutInEyeFixData.bin
LINKDATA_0,8292,ui/CAllCommandGuideFixData.bin
LINKDATA_0,8293,ui/CAllAgitStillConvertFixData.bin
LINKDATA_0,8294,ui/CAllAgitStillFaceConvertFixData.bin
LINKDATA_0,8295,model/CAllModelDirectionFixData.bin
LINKDATA_0,8296,model/CAllRimFixData.bin
LINKDATA_0,8297,model/CAllEffectColorFixData.bin
LINKDATA_0,8298,sound/CAllVoicePatternPlayableFixData.bin
LINKDATA_0,8299,sound/CAllVoicePatternClerkFixData.bin
LINKDATA_0,8300,sound/P0740_changebattlebgm01.bin
LINKDATA_0,8301,sound/CAllConvertSE.bin
LINKDATA_0,8302,dlc/CAllDlcFixData.bin
LINKDATA_0,8303,system/CAllPrivilegeFixData.bin
LINKDATA_0,8304,sound/CAllENMovieCaptionCueData.bin
LINKDATA_0,8336,gimmick/CAllOrbitalManeuverData.bin
LINKDATA_0,8337,battle/CAllActionSkillBonusFixData.bin
LINKDATA_0,8338,bukata/CAllBukataData.bin
LINKDATA_0,8339,bukata/CAllBukataPartsData.bin
LINKDATA_0,8340,gimmick/CAllGimmickUseBulletFixData.bin
LINKDATA_0,11634,battle/11634_CAllSkillFixData[0].bin
LINKDATA_0,11635,battle/11634_CAllSkillFixData[1].bin
LINKDATA_0,11636,battle/11634_CAllSkillFixData[2].bin
LINKDATA_0,11637,battle/11634_CAllSkillFixData[3].bin
LINKDATA_0,11638,battle/11634_CAllSkillFixData[4].bin
LINKDATA_0,11639,battle/11634_CAllSkillFixData[5].bin
LINKDATA_0,11640,battle/11634_CAllSkillFixData[6].bin
LINKDATA_0,11641,battle/11634_CAllSkillFixData[7].bin
LINKDATA_0,11642,battle/11634_CAllSkillFixData[8].bin
LINKDATA_0,11643,battle/11634_CAllSkillFixData[9].bin
LINKDATA_0,11644,battle/11634_CAllSkillFixData[10].bin
LINKDATA_0,11645,battle/11634_CAllSkillFixData[11].bin
LINKDATA_0,11646,battle/11634_CAllSkillFixData[12].bin
LINKDATA_0,11647,battle/11634_CAllSkillFixData[13].bin
LINKDATA_0,11648,battle/11634_CAllSkillFixData[14].bin
LINKDATA_0,11649,battle/11634_CAllSkillFixData[15].bin
LINKDATA_0,11650,battle/11634_CAllSkillFixData[16].bin
LINKDATA_0,11651,battle/11634_CAllSkillFixData[17].bin
LINKDATA_0,11652,battle/11634_CAllSkillFixData[18].bin
LINKDATA_0,11653,battle/11634_CAllSkillFixData[19].bin
LINKDATA_0,11654,battle/11634_CAllSkillFixData[20].bin
LINKDATA_0,11655,battle/11634_CAllSkillFixData[21].bin
LINKDATA_0,11656,battle/11634_CAllSkillFixData[22].bin
LINKDATA_0,11657,battle/11634_CAllSkillFixData[23].bin
LINKDATA_0,11658,battle/11634_CAllSkillFixData[24].bin
LINKDATA_0,11659,battle/11634_CAllSkillFixData[25].bin
LINKDATA_0,11660,battle/11634_CAllSkillFixData[26].bin
LINKDATA_0,11661,battle/11634_CAllSkillFixData[27].bin
LINKDATA_0,11662,battle/11634_CAllSkillFixData[28].bin
LINKDATA_0,11663,battle/11634_CAllSkillFixData[29].bin
LINKDATA_0,11664,battle/11634_CAllSkillFixData[30].bin
LINKDATA_0,11665,battle/11634_CAllSkillFixData[31].bin
LINKDATA_0,11666,battle/11634_CAllSkillFixData[32].bin
LINKDATA_0,11667,battle/11634_CAllSkillFixData[33].bin
LINKDATA_0,11668,battle/11634_CAllSkillFixData[34].bin
LINKDATA_0,11669,battle/11634_CAllSkillFixData[35].bin
LINKDATA_0,11670,battle/11634_CAllSkillFixData[36].bin
LINKDATA_0,11671,battle/11634_CAllSkillFixData[37].bin
LINKDATA_0,11672,battle/11634_CAllSkillFixData[38].bin
LINKDATA_0,11673,battle/11634_CAllSkillFixData[39].bin
LINKDATA_0,11674,battle/11634_CAllSkillFixData[40].bin
LINKDATA_0,11675,battle/11634_CAllSkillFixData[41].bin
LINKDATA_0,11676,battle/11634_CAllSkillFixData[42].bin
LINKDATA_0,11677,battle/11634_CAllSkillFixData[43].bin
LINKDATA_0,11678,battle/11634_CAllSkillFixData[44].bin
LINKDATA_0,11679,battle/11634_CAllSkillFixData[45].bin
LINKDATA_0,11680,battle/11634_CAllSkillFixData[46].bin
LINKDATA_0,11681,battle/11634_CAllSkillFixData[47].bin
LINKDATA_0,11682,battle/11634_CAllSkillFixData[48].bin
LINKDATA_0,11683,battle/11634_CAllSkillFixData[49].bin
LINKDATA_0,11684,battle/11634_CAllSkillFixData[50].bin
LINKDATA_0,11685,battle/11634_CAllSkillFixData[51].bin
LINKDATA_0,11686,battle/11634_CAllSkillFixData[52].bin
LINKDATA_0,11687,battle/11634_CAllSkillFixData[53].bin
LINKDATA_0,11688,battle/11634_CAllSkillFixData[54].bin
LINKDATA_0,11689,battle/11634_CAllSkillFixData[55].bin
LINKDATA_0,11690,battle/11634_CAllSkillFixData[56].bin
LINKDATA_0,11691,battle/11634_CAllSkillFixData[57].bin
LINKDATA_0,11692,battle/11634_CAllSkillFixData[58].bin
LINKDATA_0,11693,battle/11634_CAllSkillFixData[59].bin
LINKDATA_0,11694,battle/11634_CAllSkillFixData[60].bin
LINKDATA_0,11695,battle/11634_CAllSkillFixData[61].bin
LINKDATA_0,11696,battle/11634_CAllSkillFixData[62].bin
LINKDATA_0,11697,battle/11634_CAllSkillFixData[63].bin
LINKDATA_0,11698,battle/11634_CAllSkillFixData[64].bin
LINKDATA_0,11699,battle/11634_CAllSkillFixData[65].bin
LINKDATA_0,11700,battle/11634_CAllSkillFixData[66].bin
LINKDATA_0,11701,battle/11634_CAllSkillFixData[67].bin
LINKDATA_0,11702,battle/11634_CAllSkillFixData[68].bin
LINKDATA_0,11703,battle/11634_CAllSkillFixData[69].bin
LINKDATA_0,11704,battle/11634_CAllSkillFixData[70].bin
LINKDATA_0,11705,battle/11634_CAllSkillFixData[71].bin
LINKDATA_0,11706,battle/11634_CAllSkillFixData[72].bin
LINKDATA_0,11707,battle/11634_CAllSkillFixData[73].bin
LINKDATA_0,11708,battle/11634_CAllSkillFixData[74].bin
LINKDATA_0,11709,battle/11634_CAllSkillFixData[75].bin
LINKDATA_0,11710,battle/11634_CAllSkillFixData[76].bin
LINKDATA_0,11711,battle/11634_CAllSkillFixData[77].bin
LINKDATA_0,11712,battle/11634_CAllSkillFixData[78].bin
LINKDATA_0,11713,battle/11634_CAllSkillFixData[79].bin
LINKDATA_0,11714,battle/11634_CAllSkillFixData[80].bin
LINKDATA_0,11715,battle/11634_CAllSkillFixData[81].bin
LINKDATA_0,11716,battle/11634_CAllSkillFixData[82].bin
LINKDATA_0,11717,battle/11634_CAllSkillFixData[83].bin
LINKDATA_0,11718,battle/11634_CAllSkillFixData[84].bin
LINKDATA_0,11719,battle/11634_CAllSkillFixData[85].bin
LINKDATA_0,11720,battle/11634_CAllSkillFixData[86].bin
LINKDATA_0,11721,battle/11634_CAllSkillFixData[87].bin
LINKDATA_0,11722,battle/11634_CAllSkillFixData[88].bin
LINKDATA_0,11723,battle/11634_CAllSkillFixData[89].bin
LINKDATA_0,11724,battle/11634_CAllSkillFixData[90].bin
LINKDATA_0,11725,battle/11634_CAllSkillFixData[91].bin
LINKDATA_0,11726,battle/11634_CAllSkillFixData[92].bin
LINKDATA_0,11727,battle/11634_CAllSkillFixData[93].bin
LINKDATA_0,11728,battle/11634_CAllSkillFixData[94].bin
LINKDATA_0,11729,battle/11634_CAllSkillFixData[95].bin
LINKDATA_0,11730,battle/11634_CAllSkillFixData[96].bin
LINKDATA_0,11731,battle/11634_CAllSkillFixData[97].bin
LINKDATA_0,11732,battle/11634_CAllSkillFixData[98].bin
LINKDATA_0,11733,battle/11634_CAllSkillFixData[99].bin
LINKDATA_0,11734,battle/11634_CAllSkillFixData[100].bin
LINKDATA_0,11735,battle/11634_CAllSkillFixData[101].bin
LINKDATA_0,11736,battle/11634_CAllSkillFixData[102].bin
LINKDATA_0,11737,battle/11634_CAllSkillFixData[103].bin
LINKDATA_0,11738,battle/11634_CAllSkillFixData[104].bin
LINKDATA_0,11739,battle/11634_CAllSkillFixData[105].bin
LINKDATA_0,11740,battle/11634_CAllSkillFixData[106].bin
LINKDATA_0,11741,battle/11634_CAllSkillFixData[107].bin
LINKDATA_0,11742,battle/11634_CAllSkillFixData[108].bin
LINKDATA_0,11743,battle/11634_CAllSkillFixData[109].bin
LINKDATA_0,11744,battle/11634_CAllSkillFixData[110].bin
LINKDATA_0,11745,battle/11634_CAllSkillFixData[111].bin
LINKDATA_0,11746,battle/11634_CAllSkillFixData[112].bin
LINKDATA_0,11747,battle/11634_CAllSkillFixData[113].bin
LINKDATA_0,11748,battle/11634_CAllSkillFixData[114].bin
LINKDATA_0,11749,battle/11634_CAllSkillFixData[115].bin
LINKDATA_0,11750,battle/11634_CAllSkillFixData[116].bin
LINKDATA_0,11751,battle/11634_CAllSkillFixData[117].bin
LINKDATA_0,11752,battle/11634_CAllSkillFixData[118].bin
LINKDATA_0,11753,battle/11634_CAllSkillFixData[119].bin
LINKDATA_0,11754,battle/11634_CAllSkillFixData[120].bin
LINKDATA_0,11755,battle/11634_CAllSkillFixData[121].bin
LINKDATA_0,11756,battle/11634_CAllSkillFixData[122].bin
LINKDATA_0,11757,battle/11634_CAllSkillFixData[123].bin
LINKDATA_0,11758,battle/11634_CAllSkillFixData[124].bin
LINKDATA_0,11759,battle/11634_CAllSkillFixData[125].bin
LINKDATA_0,11760,battle/11634_CAllSkillFixData[126].bin
LINKDATA_0,11761,battle/11634_CAllSkillFixData[127].bin
LINKDATA_0,11762,battle/11634_CAllSkillFixData[128].bin
LINKDATA_0,11763,battle/11634_CAllSkillFixData[129].bin
LINKDATA_0,11764,battle/11634_CAllSkillFixData[130].bin
LINKDATA_0,11765,battle/11634_CAllSkillFixData[131].bin
LINKDATA_0,11766,battle/11634_CAllSkillFixData[132].bin
LINKDATA_0,11767,battle/11634_CAllSkillFixData[133].bin
LINKDATA_0,11768,battle/11634_CAllSkillFixData[134].bin
LINKDATA_0,11769,battle/11634_CAllSkillFixData[135].bin
LINKDATA_0,11770,battle/11634_CAllSkillFixData[136].bin
LINKDATA_0,11771,battle/11634_CAllSkillFixData[137].bin
LINKDATA_0,11772,battle/11634_CAllSkillFixData[138].bin
LINKDATA_0,11773,battle/11634_CAllSkillFixData[139].bin
LINKDATA_0,11774,battle/11634_CAllSkillFixData[140].bin
LINKDATA_0,11775,battle/11634_CAllSkillFixData[141].bin
LINKDATA_0,11776,battle/11634_CAllSkillFixData[142].bin
LINKDATA_0,11777,battle/11634_CAllSkillFixData[143].bin
LINKDATA_0,11778,battle/11634_CAllSkillFixData[144].bin
LINKDATA_0,11779,battle/11634_CAllSkillFixData[145].bin
LINKDATA_0,11780,battle/11634_CAllSkillFixData[146].bin
LINKDATA_0,11781,battle/11634_CAllSkillFixData[147].bin
LINKDATA_0,11782,battle/11634_CAllSkillFixData[148].bin
LINKDATA_0,11783,battle/11634_CAllSkillFixData[149].bin
LINKDATA_0,11784,battle/11634_CAllSkillFixData[150].bin
LINKDATA_0,11785,battle/11634_CAllSkillFixData[151].bin
LINKDATA_0,11786,battle/11634_CAllSkillFixData[152].bin
LINKDATA_0,11787,battle/11634_CAllSkillFixData[153].bin
LINKDATA_0,11788,battle/11634_CAllSkillFixData[154].bin
LINKDATA_0,11789,battle/11634_CAllSkillFixData[155].bin
LINKDATA_0,11790,battle/11634_CAllSkillFixData[156].bin
LINKDATA_0,11791,battle/11634_CAllSkillFixData[157].bin
LINKDATA_0,11792,battle/11634_CAllSkillFixData[158].bin
LINKDATA_0,11793,battle/11634_CAllSkillFixData[159].bin
LINKDATA_0,11794,battle/11634_CAllSkillFixData[160].bin
LINKDATA_0,11795,battle/11634_CAllSkillFixData[161].bin
LINKDATA_0,11796,battle/11634_CAllSkillFixData[162].bin
LINKDATA_0,11797,battle/11634_CAllSkillFixData[163].bin
LINKDATA_0,11798,battle/11634_CAllSkillFixData[164].bin
LINKDATA_0,11799,battle/11634_CAllSkillFixData[165].bin
LINKDATA_0,11800,battle/11634_CAllSkillFixData[166].bin
LINKDATA_0,11801,battle/11634_CAllSkillFixData[167].bin
LINKDATA_0,11802,battle/11634_CAllSkillFixData[168].bin
LINKDATA_0,11803,battle/11634_CAllSkillFixData[169].bin
LINKDATA_0,11804,battle/11634_CAllSkillFixData[170].bin
LINKDATA_0,11805,battle/11634_CAllSkillFixData[171].bin
LINKDATA_0,11806,battle/11634_CAllSkillFixData[172].bin
LINKDATA_0,11807,battle/11634_CAllSkillFixData[173].bin
LINKDATA_0,11808,battle/11634_CAllSkillFixData[174].bin
LINKDATA_0,11809,battle/11634_CAllSkillFixData[175].bin
LINKDATA_0,11810,battle/11634_CAllSkillFixData[176].bin
LINKDATA_0,11811,battle/11634_CAllSkillFixData[177].bin
LINKDATA_0,11812,battle/11634_CAllSkillFixData[178].bin
LINKDATA_0,11813,battle/11634_CAllSkillFixData[179].bin
LINKDATA_0,11814,battle/11634_CAllSkillFixData[180].bin
LINKDATA_0,11815,battle/11634_CAllSkillFixData[181].bin
LINKDATA_0,11816,battle/11634_CAllSkillFixData[182].bin
LINKDATA_0,11817,battle/11634_CAllSkillFixData[183].bin
LINKDATA_0,11818,battle/11634_CAllSkillFixData[184].bin
LINKDATA_0,11819,battle/11634_CAllSkillFixData[185].bin
LINKDATA_0,11820,battle/11634_CAllSkillFixData[186].bin
LINKDATA_0,11821,battle/11634_CAllSkillFixData[187].bin
LINKDATA_0,11822,battle/11634_CAllSkillFixData[188].bin
LINKDATA_0,11823,battle/11634_CAllSkillFixData[189].bin
LINKDATA_0,11824,battle/11634_CAllSkillFixData[190].bin
LINKDATA_0,11825,battle/11634_CAllSkillFixData[191].bin
LINKDATA_0,11826,battle/11634_CAllSkillFixData[192].bin
LINKDATA_0,11827,battle/11634_CAllSkillFixData[193].bin
LINKDATA_0,11828,battle/11634_CAllSkillFixData[194].bin
LINKDATA_0,11829,battle/11634_CAllSkillFixData[195].bin
LINKDATA_0,11830,battle/11634_CAllSkillFixData[196].bin
LINKDATA_0,11831,battle/11634_CAllSkillFixData[197].bin
LINKDATA_0,11832,battle/11634_CAllSkillFixData[198].bin
LINKDATA_0,11833,battle/11634_CAllSkillFixData[199].bin
LINKDATA_0,11834,battle/11634_CAllSkillFixData[200].bin
LINKDATA_0,11835,battle/11634_CAllSkillFixData[201].bin
LINKDATA_0,11836,battle/11634_CAllSkillFixData[202].bin
LINKDATA_0,11837,battle/11634_CAllSkillFixData[203].bin
LINKDATA_0,11838,battle/11634_CAllSkillFixData[204].bin
LINKDATA_0,11839,battle/11634_CAllSkillFixData[205].bin
LINKDATA_0,11840,battle/11634_CAllSkillFixData[206].bin
LINKDATA_0,11841,battle/11634_CAllSkillFixData[207].bin
LINKDATA_0,11842,battle/11634_CAllSkillFixData[208].bin
LINKDATA_0,11843,battle/11634_CAllSkillFixData[209].bin
LINKDATA_0,11844,battle/11634_CAllSkillFixData[210].bin
LINKDATA_0,11845,battle/11634_CAllSkillFixData[211].bin
LINKDATA_0,11846,battle/11634_CAllSkillFixData[212].bin
LINKDATA_0,11847,battle/11634_CAllSkillFixData[213].bin
LINKDATA_0,11848,battle/11634_CAllSkillFixData[214].bin
LINKDATA_0,11849,battle/11634_CAllSkillFixData[215].bin
LINKDATA_0,11850,battle/11634_CAllSkillFixData[216].bin
LINKDATA_0,11851,battle/11634_CAllSkillFixData[217].bin
LINKDATA_0,11852,battle/11634_CAllSkillFixData[218].bin
LINKDATA_0,11853,battle/11634_CAllSkillFixData[219].bin
LINKDATA_0,11854,battle/11634_CAllSkillFixData[220].bin
LINKDATA_0,11855,battle/11634_CAllSkillFixData[221].bin
LINKDATA_0,11856,battle/11634_CAllSkillFixData[222].bin
LINKDATA_0,11857,battle/11634_CAllSkillFixData[223].bin
LINKDATA_0,11858,battle/11634_CAllSkillFixData[224].bin
LINKDATA_0,11859,battle/11634_CAllSkillFixData[225].bin
LINKDATA_0,11860,battle/11634_CAllSkillFixData[226].bin
LINKDATA_0,11861,battle/11634_CAllSkillFixData[227].bin
LINKDATA_0,11862,battle/11634_CAllSkillFixData[228].bin
LINKDATA_0,11863,battle/11634_CAllSkillFixData[229].bin
LINKDATA_0,11864,battle/11634_CAllSkillFixData[230].bin
LINKDATA_0,11865,battle/11634_CAllSkillFixData[231].bin
LINKDATA_0,11866,battle/11634_CAllSkillFixData[232].bin
LINKDATA_0,11867,battle/11634_CAllSkillFixData[233].bin
LINKDATA_0,11868,battle/11634_CAllSkillFixData[234].bin
LINKDATA_0,11869,battle/11634_CAllSkillFixData[235].bin
LINKDATA_0,11870,battle/11634_CAllSkillFixData[236].bin
LINKDATA_0,11871,battle/11634_CAllSkillFixData[237].bin
LINKDATA_0,11872,battle/11634_CAllSkillFixData[238].bin
LINKDATA_0,11873,battle/11634_CAllSkillFixData[239].bin
LINKDATA_0,11874,battle/11634_CAllSkillFixData[240].bin
LINKDATA_0,11875,battle/11634_CAllSkillFixData[241].bin
LINKDATA_0,11876,battle/11634_CAllSkillFixData[242].bin
LINKDATA_0,11877,battle/11634_CAllSkillFixData[243].bin
LINKDATA_0,11878,battle/11634_CAllSkillFixData[244].bin
LINKDATA_0,11879,battle/11634_CAllSkillFixData[245].bin
LINKDATA_0,11880,battle/11634_CAllSkillFixData[246].bin
LINKDATA_0,11881,battle/11634_CAllSkillFixData[247].bin
LINKDATA_0,11882,battle/11634_CAllSkillFixData[248].bin
LINKDATA_0,11883,battle/11634_CAllSkillFixData[249].bin
LINKDATA_0,11884,battle/11634_CAllSkillFixData[250].bin
LINKDATA_0,11885,battle/11634_CAllSkillFixData[251].bin
LINKDATA_0,11886,battle/11634_CAllSkillFixData[252].bin
LINKDATA_0,11887,battle/11634_CAllSkillFixData[253].bin
LINKDATA_0,11888,battle/11634_CAllSkillFixData[254].bin
LINKDATA_0,11889,battle/11634_CAllSkillFixData[255].bin
LINKDATA_0,11890,battle/11634_CAllSkillFixData[256].bin
LINKDATA_0,11891,battle/11634_CAllSkillFixData[257].bin
LINKDATA_0,11892,battle/11634_CAllSkillFixData[258].bin
LINKDATA_0,11893,battle/11634_CAllSkillFixData[259].bin
LINKDATA_0,11894,battle/11634_CAllSkillFixData[260].bin
LINKDATA_0,11895,battle/11634_CAllSkillFixData[261].bin
LINKDATA_0,11896,battle/11634_CAllSkillFixData[262].bin
LINKDATA_0,11897,battle/11634_CAllSkillFixData[263].bin
LINKDATA_0,11898,battle/11634_CAllSkillFixData[264].bin
LINKDATA_0,11899,battle/11634_CAllSkillFixData[265].bin
LINKDATA_0,11900,battle/11634_CAllSkillFixData[266].bin
LINKDATA_0,11901,battle/11634_CAllSkillFixData[267].bin
LINKDATA_0,11902,battle/11634_CAllSkillFixData[268].bin
LINKDATA_0,11903,battle/11634_CAllSkillFixData[269].bin
LINKDATA_0,11904,battle/11634_CAllSkillFixData[270].bin
LINKDATA_0,11905,battle/11634_CAllSkillFixData[271].bin
LINKDATA_0,11906,battle/11634_CAllSkillFixData[272].bin
LINKDATA_0,11907,battle/11634_CAllSkillFixData[273].bin
LINKDATA_0,11908,battle/11634_CAllSkillFixData[274].bin
LINKDATA_0,11909,battle/11634_CAllSkillFixData[275].bin
LINKDATA_0,11910,battle/11634_CAllSkillFixData[276].bin
LINKDATA_0,11911,battle/11634_CAllSkillFixData[277].bin
LINKDATA_0,11912,battle/11634_CAllSkillFixData[278].bin
LINKDATA_0,11913,battle/11634_CAllSkillFixData[279].bin
LINKDATA_0,11914,battle/11634_CAllSkillFixData[280].bin
LINKDATA_0,11915,battle/11634_CAllSkillFixData[281].bin
LINKDATA_0,11916,battle/11634_CAllSkillFixData[282].bin
LINKDATA_0,11917,battle/11634_CAllSkillFixData[283].bin
LINKDATA_0,11918,battle/11634_CAllSkillFixData[284].bin
LINKDATA_0,11919,battle/11634_CAllSkillFixData[285].bin
LINKDATA_0,11920,battle/11634_CAllSkillFixData[286].bin
LINKDATA_0,11921,battle/11634_CAllSkillFixData[287].bin
LINKDATA_0,11922,battle/11634_CAllSkillFixData[288].bin
LINKDATA_0,11923,battle/11634_CAllSkillFixData[289].bin
LINKDATA_0,11924,battle/11634_CAllSkillFixData[290].bin
LINKDATA_0,11925,battle/11634_CAllSkillFixData[291].bin
LINKDATA_0,11926,battle/11634_CAllSkillFixData[292].bin
LINKDATA_0,11927,battle/11634_CAllSkillFixData[293].bin
LINKDATA_0,11928,battle/11634_CAllSkillFixData[294].bin
LINKDATA_0,11929,battle/11634_CAllSkillFixData[295].bin
LINKDATA_0,11930,battle/11634_CAllSkillFixData[296].bin
LINKDATA_0,11931,battle/11634_CAllSkillFixData[297].bin
LINKDATA_0,11932,battle/11634_CAllSkillFixData[298].bin
LINKDATA_0,11933,battle/11634_CAllSkillFixData[299].bin
LINKDATA_0,11934,battle/11634_CAllSkillFixData[300].bin
LINKDATA_0,11935,battle/11634_CAllSkillFixData[301].bin
LINKDATA_0,11936,battle/11634_CAllSkillFixData[302].bin
LINKDATA_0,11937,battle/11634_CAllSkillFixData[303].bin
LINKDATA_0,11938,battle/11634_CAllSkillFixData[304].bin
LINKDATA_0,11939,battle/11634_CAllSkillFixData[305].bin
LINKDATA_0,11940,battle/11634_CAllSkillFixData[306].bin
LINKDATA_0,11941,battle/11634_CAllSkillFixData[307].bin
LINKDATA_0,11942,battle/11634_CAllSkillFixData[308].bin
LINKDATA_0,11943,battle/11634_CAllSkillFixData[309].bin
LINKDATA_0,11944,battle/11634_CAllSkillFixData[310].bin
LINKDATA_0,11945,battle/11634_CAllSkillFixData[311].bin
LINKDATA_0,11946,battle/11634_CAllSkillFixData[312].bin
LINKDATA_0,11947,battle/11634_CAllSkillFixData[313].bin
LINKDATA_0,11948,battle/11634_CAllSkillFixData[314].bin
LINKDATA_0,11949,battle/11634_CAllSkillFixData[315].bin
LINKDATA_0,11950,battle/11634_CAllSkillFixData[316].bin
LINKDATA_0,11951,battle/11634_CAllSkillFixData[317].bin
LINKDATA_0,11952,battle/11634_CAllSkillFixData[318].bin
LINKDATA_0,11953,battle/11634_CAllSkillFixData[319].bin
LINKDATA_0,11954,battle/11634_CAllSkillFixData[320].bin
LINKDATA_0,11955,battle/11634_CAllSkillFixData[321].bin
LINKDATA_0,11956,battle/11634_CAllSkillFixData[322].bin
LINKDATA_0,11957,battle/11634_CAllSkillFixData[323].bin
LINKDATA_0,11958,battle/11634_CAllSkillFixData[324].bin
LINKDATA_0,11959,battle/11634_CAllSkillFixData[325].bin
LINKDATA_0,11960,battle/11634_CAllSkillFixData[326].bin
LINKDATA_0,11961,battle/11634_CAllSkillFixData[327].bin
LINKDATA_0,11962,battle/11634_CAllSkillFixData[328].bin
LINKDATA_0,11963,battle/11634_CAllSkillFixData[329].bin
LINKDATA_0,11964,battle/11634_CAllSkillFixData[330].bin
LINKDATA_0,11965,battle/11634_CAllSkillFixData[331].bin
LINKDATA_0,11966,battle/11634_CAllSkillFixData[332].bin
LINKDATA_0,11967,battle/11634_CAllSkillFixData[333].bin
LINKDATA_0,11968,battle/11634_CAllSkillFixData[334].bin
LINKDATA_0,11969,battle/11634_CAllSkillFixData[335].bin
LINKDATA_0,11970,battle/11634_CAllSkillFixData[336].bin
LINKDATA_0,11971,battle/11634_CAllSkillFixData[337].bin
LINKDATA_0,11972,battle/11634_CAllSkillFixData[338].bin
LINKDATA_0,11973,battle/11634_CAllSkillFixData[339].bin
LINKDATA_0,11974,battle/11634_CAllSkillFixData[340].bin
LINKDATA_0,11975,battle/11634_CAllSkillFixData[341].bin
LINKDATA_0,11976,battle/11634_CAllSkillFixData[342].bin
LINKDATA_0,11977,battle/11634_CAllSkillFixData[343].bin
LINKDATA_0,11978,battle/11634_CAllSkillFixData[344].bin
LINKDATA_0,11979,battle/11634_CAllSkillFixData[345].bin
LINKDATA_0,11980,battle/11634_CAllSkillFixData[346].bin
LINKDATA_0,11981,battle/11634_CAllSkillFixData[347].bin
LINKDATA_0,11982,battle/11634_CAllSkillFixData[348].bin
LINKDATA_0,11983,battle/11634_CAllSkillFixData[349].bin
LINKDATA_0,11984,battle/11634_CAllSkillFixData[350].bin
LINKDATA_0,11985,battle/11634_CAllSkillFixData[351].bin
LINKDATA_0,11986,battle/11634_CAllSkillFixData[352].bin
LINKDATA_0,11987,battle/11634_CAllSkillFixData[353].bin
LINKDATA_0,11988,battle/11634_CAllSkillFixData[354].bin
LINKDATA_0,11989,battle/11634_CAllSkillFixData[355].bin
LINKDATA_0,11990,battle/11634_CAllSkillFixData[356].bin
LINKDATA_0,11991,battle/11634_CAllSkillFixData[357].bin
LINKDATA_0,11992,battle/11634_CAllSkillFixData[358].bin
LINKDATA_0,11993,battle/11634_CAllSkillFixData[359].bin
LINKDATA_0,11994,battle/11634_CAllSkillFixData[360].bin
LINKDATA_0,11995,battle/11634_CAllSkillFixData[361].bin
LINKDATA_0,11996,battle/11634_CAllSkillFixData[362].bin
LINKDATA_0,11997,battle/11634_CAllSkillFixData[363].bin
LINKDATA_0,11998,battle/11634_CAllSkillFixData[364].bin
LINKDATA_0,11999,battle/11634_CAllSkillFixData[365].bin
LINKDATA_0,12000,battle/11634_CAllSkillFixData[366].bin
LINKDATA_0,12001,battle/11634_CAllSkillFixData[367].bin
LINKDATA_0,12002,battle/11634_CAllSkillFixData[368].bin
LINKDATA_0,12003,battle/11634_CAllSkillFixData[369].bin
LINKDATA_0,12004,battle/11634_CAllSkillFixData[370].bin
LINKDATA_0,12005,battle/11634_CAllSkillFixData[371].bin
LINKDATA_0,12006,battle/11634_CAllSkillFixData[372].bin
LINKDATA_0,12007,battle/11634_CAllSkillFixData[373].bin
LINKDATA_0,12008,battle/11634_CAllSkillFixData[374].bin
LINKDATA_0,12009,battle/11634_CAllSkillFixData[375].bin
LINKDATA_0,12010,battle/11634_CAllSkillFixData[376].bin
LINKDATA_0,12011,battle/11634_CAllSkillFixData[377].bin
LINKDATA_0,12012,battle/11634_CAllSkillFixData[378].bin
LINKDATA_0,12013,battle/11634_CAllSkillFixData[379].bin
LINKDATA_0,12014,battle/11634_CAllSkillFixData[380].bin
LINKDATA_0,12015,battle/11634_CAllSkillFixData[381].bin
LINKDATA_0,12016,battle/11634_CAllSkillFixData[382].bin
LINKDATA_0,12017,battle/11634_CAllSkillFixData[383].bin
LINKDATA_0,12018,battle/11634_CAllSkillFixData[384].bin
LINKDATA_0,12019,battle/11634_CAllSkillFixData[385].bin
LINKDATA_0,12020,battle/11634_CAllSkillFixData[386].bin
LINKDATA_0,12021,battle/11634_CAllSkillFixData[387].bin
LINKDATA_0,12022,battle/11634_CAllSkillFixData[388].bin
LINKDATA_0,12023,battle/11634_CAllSkillFixData[389].bin
LINKDATA_0,12024,battle/11634_CAllSkillFixData[390].bin
LINKDATA_0,12025,battle/11634_CAllSkillFixData[391].bin
LINKDATA_0,12026,battle/11634_CAllSkillFixData[392].bin
LINKDATA_0,12027,battle/11634_CAllSkillFixData[393].bin
LINKDATA_0,12028,battle/11634_CAllSkillFixData[394].bin
LINKDATA_0,12029,battle/11634_CAllSkillFixData[395].bin
LINKDATA_0,12030,battle/11634_CAllSkillFixData[396].bin
LINKDATA_0,12031,battle/11634_CAllSkillFixData[397].bin
LINKDATA_0,12032,battle/11634_CAllSkillFixData[398].bin
LINKDATA_0,12033,battle/11634_CAllSkillFixData[399].bin
LINKDATA_0,12034,battle/11634_CAllSkillFixData[400].bin
LINKDATA_0,12035,battle/11634_CAllSkillFixData[401].bin
LINKDATA_0,12036,battle/11634_CAllSkillFixData[402].bin
LINKDATA_0,12037,battle/11634_CAllSkillFixData[403].bin
LINKDATA_0,12038,battle/11634_CAllSkillFixData[404].bin
LINKDATA_0,12039,battle/11634_CAllSkillFixData[405].bin
LINKDATA_0,12040,battle/11634_CAllSkillFixData[406].bin
LINKDATA_0,12041,battle/11634_CAllSkillFixData[407].bin
LINKDATA_0,12042,battle/11634_CAllSkillFixData[408].bin
LINKDATA_0,12043,battle/11634_CAllSkillFixData[409].bin
LINKDATA_0,12044,battle/11634_CAllSkillFixData[410].bin
LINKDATA_0,12045,battle/11634_CAllSkillFixData[411].bin
LINKDATA_0,12046,battle/11634_CAllSkillFixData[412].bin
LINKDATA_0,12047,battle/11634_CAllSkillFixData[413].bin
LINKDATA_0,12048,battle/11634_CAllSkillFixData[414].bin
LINKDATA_0,12049,battle/11634_CAllSkillFixData[415].bin
LINKDATA_0,12050,battle/11634_CAllSkillFixData[416].bin
LINKDATA_0,12051,battle/11634_CAllSkillFixData[417].bin
LINKDATA_0,12052,battle/11634_CAllSkillFixData[418].bin
LINKDATA_0,12053,battle/11634_CAllSkillFixData[419].bin
LINKDATA_0,12054,battle/11634_CAllSkillFixData[420].bin
LINKDATA_0,12055,battle/11634_CAllSkillFixData[421].bin
LINKDATA_0,12056,battle/11634_CAllSkillFixData[422].bin
LINKDATA_0,12057,battle/11634_CAllSkillFixData[423].bin
LINKDATA_0,12058,battle/11634_CAllSkillFixData[424].bin
LINKDATA_0,12059,battle/11634_CAllSkillFixData[425].bin
LINKDATA_0,12060,battle/11634_CAllSkillFixData[426].bin
LINKDATA_0,12061,battle/11634_CAllSkillFixData[427].bin
LINKDATA_0,12062,battle/11634_CAllSkillFixData[428].bin
LINKDATA_0,12063,battle/11634_CAllSkillFixData[429].bin
LINKDATA_0,12064,battle/11634_CAllSkillFixData[430].bin
LINKDATA_0,12065,battle/11634_CAllSkillFixData[431].bin
LINKDATA_0,12066,battle/11634_CAllSkillFixData[432].bin
LINKDATA_0,12067,battle/11634_CAllSkillFixData[433].bin
LINKDATA_0,12068,battle/11634_CAllSkillFixData[434].bin
LINKDATA_0,12069,battle/11634_CAllSkillFixData[435].bin
LINKDATA_0,12070,battle/11634_CAllSkillFixData[436].bin
LINKDATA_0,12071,battle/11634_CAllSkillFixData[437].bin
LINKDATA_0,12072,battle/11634_CAllSkillFixData[438].bin
LINKDATA_0,12073,battle/11634_CAllSkillFixData[439].bin
LINKDATA_0,12074,battle/11634_CAllSkillFixData[440].bin
LINKDATA_0,12075,battle/11634_CAllSkillFixData[441].bin
LINKDATA_0,12076,battle/11634_CAllSkillFixData[442].bin
LINKDATA_0,12077,battle/11634_CAllSkillFixData[443].bin
LINKDATA_0,12078,battle/11634_CAllSkillFixData[444].bin
LINKDATA_0,12079,battle/11634_CAllSkillFixData[445].bin
LINKDATA_0,12080,battle/11634_CAllSkillFixData[446].bin
LINKDATA_0,12081,battle/11634_CAllSkillFixData[447].bin
LINKDATA_0,12082,battle/11634_CAllSkillFixData[448].bin
LINKDATA_0,12083,battle/11634_CAllSkillFixData[449].bin
LINKDATA_0,12084,battle/11634_CAllSkillFixData[450].bin
LINKDATA_0,12085,battle/11634_CAllSkillFixData[451].bin
LINKDATA_0,12086,battle/11634_CAllSkillFixData[452].bin
LINKDATA_0,12087,battle/11634_CAllSkillFixData[453].bin
LINKDATA_0,12088,battle/11634_CAllSkillFixData[454].bin
LINKDATA_0,12089,battle/11634_CAllSkillFixData[455].bin
LINKDATA_0,12090,battle/11634_CAllSkillFixData[456].bin
LINKDATA_0,12091,battle/11634_CAllSkillFixData[457].bin
LINKDATA_0,12092,battle/11634_CAllSkillFixData[458].bin
LINKDATA_0,12093,battle/11634_CAllSkillFixData[459].bin
LINKDATA_0,12094,battle/11634_CAllSkillFixData[460].bin
LINKDATA_0,12095,battle/11634_CAllSkillFixData[461].bin
LINKDATA_0,12096,battle/11634_CAllSkillFixData[462].bin
LINKDATA_0,12097,battle/11634_CAllSkillFixData[463].bin
LINKDATA_0,12098,battle/11634_CAllSkillFixData[464].bin
LINKDATA_0,12099,battle/11634_CAllSkillFixData[465].bin
LINKDATA_0,12100,battle/11634_CAllSkillFixData[466].bin
LINKDATA_0,12101,battle/11634_CAllSkillFixData[467].bin
LINKDATA_0,12102,battle/11634_CAllSkillFixData[468].bin
LINKDATA_0,12103,battle/11634_CAllSkillFixData[469].bin
LINKDATA_0,12104,battle/11634_CAllSkillFixData[470].bin
LINKDATA_0,12105,battle/11634_CAllSkillFixData[471].bin
LINKDATA_0,12106,battle/11634_CAllSkillFixData[472].bin
LINKDATA_0,12107,battle/11634_CAllSkillFixData[473].bin
LINKDATA_0,12108,battle/11634_CAllSkillFixData[474].bin
LINKDATA_0,12109,battle/11634_CAllSkillFixData[475].bin
LINKDATA_0,12110,battle/11634_CAllSkillFixData[476].bin
LINKDATA_0,12111,battle/11634_CAllSkillFixData[477].bin
LINKDATA_0,12112,battle/11634_CAllSkillFixData[478].bin
LINKDATA_0,12113,battle/11634_CAllSkillFixData[479].bin
LINKDATA_0,12114,battle/11634_CAllSkillFixData[480].bin
LINKDATA_0,12115,battle/11634_CAllSkillFixData[481].bin
LINKDATA_0,12116,battle/11634_CAllSkillFixData[482].bin
LINKDATA_0,12117,battle/11634_CAllSkillFixData[483].bin
LINKDATA_0,12118,battle/11634_CAllSkillFixData[484].bin
LINKDATA_0,12119,battle/11634_CAllSkillFixData[485].bin
LINKDATA_0,12120,battle/11634_CAllSkillFixData[486].bin
LINKDATA_0,12121,battle/11634_CAllSkillFixData[487].bin
LINKDATA_0,12122,battle/11634_CAllSkillFixData[488].bin
LINKDATA_0,12123,battle/11634_CAllSkillFixData[489].bin
LINKDATA_0,12124,battle/11634_CAllSkillFixData[490].bin
LINKDATA_0,12125,battle/11634_CAllSkillFixData[491].bin
LINKDATA_0,12126,battle/11634_CAllSkillFixData[492].bin
LINKDATA_0,12127,battle/11634_CAllSkillFixData[493].bin
LINKDATA_0,12128,battle/11634_CAllSkillFixData[494].bin
LINKDATA_0,12129,battle/11634_CAllSkillFixData[495].bin
LINKDATA_0,12130,battle/11634_CAllSkillFixData[496].bin
LINKDATA_0,12131,battle/11634_CAllSkillFixData[497].bin
LINKDATA_0,12132,battle/11634_CAllSkillFixData[498].bin
LINKDATA_0,12133,battle/11634_CAllSkillFixData[499].bin
LINKDATA_0,12134,battle/11634_CAllSkillFixData[500].bin
LINKDATA_0,12135,battle/11634_CAllSkillFixData[501].bin
LINKDATA_0,12136,battle/11634_CAllSkillFixData[502].bin
LINKDATA_0,12137,battle/11634_CAllSkillFixData[503].bin
LINKDATA_0,12138,battle/11634_CAllSkillFixData[504].bin
LINKDATA_0,12139,battle/11634_CAllSkillFixData[505].bin
LINKDATA_0,12140,battle/11634_CAllSkillFixData[506].bin
LINKDATA_0,12141,battle/11634_CAllSkillFixData[507].bin
LINKDATA_0,12142,battle/11634_CAllSkillFixData[508].bin
LINKDATA_0,12143,battle/11634_CAllSkillFixData[509].bin
LINKDATA_0,12144,battle/11634_CAllSkillFixData[510].bin
LINKDATA_0,12145,battle/11634_CAllSkillFixData[511].bin
LINKDATA_0,12146,battle/11634_CAllSkillFixData[512].bin
LINKDATA_0,12147,battle/11634_CAllSkillFixData[513].bin
LINKDATA_0,12148,battle/11634_CAllSkillFixData[514].bin
LINKDATA_0,12149,battle/11634_CAllSkillFixData[515].bin
LINKDATA_0,12150,battle/11634_CAllSkillFixData[516].bin
LINKDATA_0,12151,battle/11634_CAllSkillFixData[517].bin
LINKDATA_0,12152,battle/11634_CAllSkillFixData[518].bin
LINKDATA_0,12153,battle/11634_CAllSkillFixData[519].bin
LINKDATA_0,12154,battle/11634_CAllSkillFixData[520].bin
LINKDATA_0,12155,battle/11634_CAllSkillFixData[521].bin
LINKDATA_0,12156,battle/11634_CAllSkillFixData[522].bin
LINKDATA_0,12157,battle/11634_CAllSkillFixData[523].bin
LINKDATA_0,12158,battle/11634_CAllSkillFixData[524].bin
LINKDATA_0,12159,battle/11634_CAllSkillFixData[525].bin
LINKDATA_0,12160,battle/11634_CAllSkillFixData[526].bin
LINKDATA_0,12161,battle/11634_CAllSkillFixData[527].bin
LINKDATA_0,12162,battle/11634_CAllSkillFixData[528].bin
LINKDATA_0,12163,battle/11634_CAllSkillFixData[529].bin
LINKDATA_0,12164,battle/11634_CAllSkillFixData[530].bin
LINKDATA_0,12165,battle/11634_CAllSkillFixData[531].bin
LINKDATA_0,12166,battle/11634_CAllSkillFixData[532].bin
LINKDATA_0,12167,battle/11634_CAllSkillFixData[533].bin
LINKDATA_0,12168,battle/11634_CAllSkillFixData[534].bin
LINKDATA_0,12169,battle/11634_CAllSkillFixData[535].bin
LINKDATA_0,12170,battle/11634_CAllSkillFixData[536].bin
LINKDATA_0,12171,battle/11634_CAllSkillFixData[537].bin
LINKDATA_0,12172,battle/11634_CAllSkillFixData[538].bin
LINKDATA_0,12173,battle/11634_CAllSkillFixData[539].bin
LINKDATA_0,12174,battle/11634_CAllSkillFixData[540].bin
LINKDATA_0,12175,battle/11634_CAllSkillFixData[541].bin
LINKDATA_0,12176,battle/11634_CAllSkillFixData[542].bin
LINKDATA_0,12177,battle/11634_CAllSkillFixData[543].bin
LINKDATA_0,12178,battle/11634_CAllSkillFixData[544].bin
LINKDATA_0,12179,battle/11634_CAllSkillFixData[545].bin
LINKDATA_0,12180,battle/11634_CAllSkillFixData[546].bin
LINKDATA_0,12181,battle/11634_CAllSkillFixData[547].bin
LINKDATA_0,12182,battle/11634_CAllSkillFixData[548].bin
LINKDATA_0,12183,battle/11634_CAllSkillFixData[549].bin
LINKDATA_0,12184,battle/11634_CAllSkillFixData[550].bin
LINKDATA_0,12185,battle/11634_CAllSkillFixData[551].bin
LINKDATA_0,12186,battle/11634_CAllSkillFixData[552].bin
LINKDATA_0,12187,battle/11634_CAllSkillFixData[553].bin
LINKDATA_0,12188,battle/11634_CAllSkillFixData[554].bin
LINKDATA_0,12189,battle/11634_CAllSkillFixData[555].bin
LINKDATA_0,12190,battle/11634_CAllSkillFixData[556].bin
LINKDATA_0,12191,battle/11634_CAllSkillFixData[557].bin
LINKDATA_0,12192,battle/11634_CAllSkillFixData[558].bin
LINKDATA_0,12193,battle/11634_CAllSkillFixData[559].bin
LINKDATA_0,12194,battle/11634_CAllSkillFixData[560].bin
LINKDATA_0,12195,battle/11634_CAllSkillFixData[561].bin
LINKDATA_0,12196,battle/11634_CAllSkillFixData[562].bin
LINKDATA_0,12197,battle/11634_CAllSkillFixData[563].bin
LINKDATA_0,12198,battle/11634_CAllSkillFixData[564].bin
LINKDATA_0,12199,battle/11634_CAllSkillFixData[565].bin
LINKDATA_0,12200,battle/11634_CAllSkillFixData[566].bin
LINKDATA_0,12201,battle/11634_CAllSkillFixData[567].bin
LINKDATA_0,12202,battle/11634_CAllSkillFixData[568].bin
LINKDATA_0,12203,battle/11634_CAllSkillFixData[569].bin
LINKDATA_0,12204,battle/11634_CAllSkillFixData[570].bin
LINKDATA_0,12205,battle/11634_CAllSkillFixData[571].bin
LINKDATA_0,12206,battle/11634_CAllSkillFixData[572].bin
LINKDATA_0,12207,battle/11634_CAllSkillFixData[573].bin
LINKDATA_0,12208,battle/11634_CAllSkillFixData[574].bin
LINKDATA_0,12209,battle/11634_CAllSkillFixData[575].bin
LINKDATA_0,12210,battle/11634_CAllSkillFixData[576].bin
LINKDATA_0,12211,battle/11634_CAllSkillFixData[577].bin
LINKDATA_0,12212,battle/11634_CAllSkillFixData[578].bin
LINKDATA_0,12213,battle/11634_CAllSkillFixData[579].bin
LINKDATA_0,12214,battle/11634_CAllSkillFixData[580].bin
LINKDATA_0,12215,battle/11634_CAllSkillFixData[581].bin
LINKDATA_0,12216,battle/11634_CAllSkillFixData[582].bin
LINKDATA_0,12217,battle/11634_CAllSkillFixData[583].bin
LINKDATA_0,12218,battle/11634_CAllSkillFixData[584].bin
LINKDATA_0,12219,battle/11634_CAllSkillFixData[585].bin
LINKDATA_0,12220,battle/11634_CAllSkillFixData[586].bin
LINKDATA_0,12221,battle/11634_CAllSkillFixData[587].bin
LINKDATA_0,12222,battle/11634_CAllSkillFixData[588].bin
LINKDATA_0,12223,battle/11634_CAllSkillFixData[589].bin
LINKDATA_0,12224,battle/11634_CAllSkillFixData[590].bin
LINKDATA_0,12225,battle/11634_CAllSkillFixData[591].bin
LINKDATA_0,12226,battle/11634_CAllSkillFixData[592].bin
LINKDATA_0,12227,battle/11634_CAllSkillFixData[593].bin
LINKDATA_0,12228,battle/11634_CAllSkillFixData[594].bin
LINKDATA_0,12229,battle/11634_CAllSkillFixData[595].bin
LINKDATA_0,12230,battle/11634_CAllSkillFixData[596].bin
LINKDATA_0,12231,battle/11634_CAllSkillFixData[597].bin
LINKDATA_0,12232,battle/11634_CAllSkillFixData[598].bin
LINKDATA_0,12233,battle/11634_CAllSkillFixData[599].bin
LINKDATA_0,12234,battle/11634_CAllSkillFixData[600].bin
LINKDATA_0,12235,battle/11634_CAllSkillFixData[601].bin
LINKDATA_0,12236,battle/11634_CAllSkillFixData[602].bin
LINKDATA_0,12237,battle/11634_CAllSkillFixData[603].bin
LINKDATA_0,12238,battle/11634_CAllSkillFixData[604].bin
LINKDATA_0,12239,battle/11634_CAllSkillFixData[605].bin
LINKDATA_0,12240,battle/11634_CAllSkillFixData[606].bin
LINKDATA_0,12241,battle/11634_CAllSkillFixData[607].bin
LINKDATA_0,12242,battle/11634_CAllSkillFixData[608].bin
LINKDATA_0,12243,battle/11634_CAllSkillFixData[609].bin