; demo,,
KIDSSystemResource,0c4c1ced,H0008_Sophie.mud
KIDSSystemResource,1039e58a,UI0000_Joker_S.mud
KIDSSystemResource,19fed972,UI0005_Queen.mud
KIDSSystemResource,1a1a9d75,UI0001_Skull_S.mud
KIDSSystemResource,2581f856,UI0004_Fox.mud
KIDSSystemResource,27e25d18,H0002_Mona.mud
KIDSSystemResource,33dc37e0,UI0002_Mona_S.mud
KIDSSystemResource,3446fde3,H0210_Alice_Shadow.mud
KIDSSystemResource,360e116f,UI0006_Noir_S.mud
KIDSSystemResource,4284a5ae,H0009_Wolf.mud
KIDSSystemResource,42e72fda,H0005_Queen.mud
KIDSSystemResource,5529a598,UI0003_Panther_S.mud
KIDSSystemResource,560d6963,H4200_Slingshot_00.mud
KIDSSystemResource,594e6074,UI0007_Navi_S.mud
KIDSSystemResource,5fcaa084,H0100_Sojiro_Cafe.mud
KIDSSystemResource,6a221b4e,H1002_Zorro.mud
KIDSSystemResource,6dc4806e,H0507_Futaba_Daily.mud
KIDSSystemResource,74d2a476,H0004_Fox.mud
KIDSSystemResource,7616e5b4,H0509_Zenkichi_Daily.mud
KIDSSystemResource,7d378ebf,UI0008_Sophie.mud
KIDSSystemResource,7edfce67,H1001_CaptainKidd.mud
KIDSSystemResource,81504bf6,UI0000_Joker.mud
KIDSSystemResource,836ce6ea,UI0004_Fox_S.mud
KIDSSystemResource,889e7b8b,H0001_Skull.mud
KIDSSystemResource,893ec766,H0503_Ann_Daily.mud
KIDSSystemResource,8b3103e1,UI0001_Skull.mud
KIDSSystemResource,a056ded4,H0500_Hero_Daily.mud
KIDSSystemResource,a8e87306,UI0005_Queen_S.mud
KIDSSystemResource,ac2bc7bc,H0501_Ryuji_Daily.mud
KIDSSystemResource,b243f700,H1000_Arsene.mud
KIDSSystemResource,b344aabe,H0508_Sophia_Daily.mud
KIDSSystemResource,b45795a9,H0006_Noir.mud
KIDSSystemResource,b475ae08,H0003_Panther.mud
KIDSSystemResource,bd0583d4,H0103_Lavenza.mud
KIDSSystemResource,c17b376b,H1008_Pandora.mud
KIDSSystemResource,c21b5cd6,H0000_Joker.mud
KIDSSystemResource,c5fed204,H0007_Navi.mud
KIDSSystemResource,cb3bbb6e,H0504_Yusuke_Daily.mud
KIDSSystemResource,cfbf2568,H0505_Makoto_Daily.mud
KIDSSystemResource,d46953f4,UI0002_Mona.mud
KIDSSystemResource,d69b2d83,UI0006_Noir.mud
KIDSSystemResource,d6de6710,H0506_Haru_Daily.mud
KIDSSystemResource,da402104,UI0003_Panther.mud
KIDSSystemResource,e802b727,H0200_Alice.mud
KIDSSystemResource,f9db7c88,UI0007_Navi.mud
system,008bcce6,WriteDepth.g1s
system,0f33242a,RLR.g1s
system,193fcd66,Shadowmap.g1s
system,2801580a,Wind.g1s
system,56842cb9,SDFUtility.g1s
system,59500a6a,SnowDeform.g1s
system,5c3d4fce,ClusterLightCulling.g1s
system,7ab3a93c,LPVPropagation.g1s
system,5ee8b4f3,SVAO.g1s
system,fc822210,Voxelize.g1s
system,fd20cb1a,SDFOcclusion.g1s
system,a37e3c4a,Tree2Shadowmap.g1s
system,b21f3b54,ObjectOcclusion.g1s
CharacterEditor,0114e4d0,UI0000_Joker.g1m
CharacterEditor,011ae67f,H3006_Knife_06.ktid
CharacterEditor,0121e1c0,H4500_Revolver_00.grp
CharacterEditor,014ffd0e,UI0000_Joker.mtl
CharacterEditor,015ef069,H8142_Bunko.g1m
CharacterEditor,016ceea1,H0001_Skull.g1m
CharacterEditor,019a08a7,H8142_Bunko.mtl
CharacterEditor,01a806df,H0001_Skull.mtl
CharacterEditor,01a991b3,H4600_GLauncher_00.grp
CharacterEditor,01a9a2a5,H1504_Drone.oidex
CharacterEditor,01b521d6,H5001_Enemy_Club.oidex
CharacterEditor,01d41f53,H1000_Arsene.oid
CharacterEditor,01e36a07,H8173_RucksackW.ktid
CharacterEditor,01e75abe,H3300_Whip_00.oidex
CharacterEditor,0213ea8a,H7002_Mementos_Item.grp
CharacterEditor,02296df0,H0002_Mona.grp
CharacterEditor,029191f6,H8502_C_YoungMan_02.oid
CharacterEditor,02a2fcd7,UI0003_Panther.oid
CharacterEditor,02dc19c0,H7537_souvenir_Osaka.g1m
CharacterEditor,031731fe,H7537_souvenir_Osaka.mtl
CharacterEditor,035b6cf8,GIM_UI_Road_001.oid
CharacterEditor,036132ca,H0506_Haru_Daily.swg
CharacterEditor,0368e2ea,H4000_Handgun_00.ktid
CharacterEditor,036b45dd,H8569_C_YoungWoman_09.g1m
CharacterEditor,03a65e1b,H8569_C_YoungWoman_09.mtl
CharacterEditor,03a7747f,H1008_Pandora.grp
CharacterEditor,03d136e6,H8001_YoungMan_01.grp
CharacterEditor,041f6a9f,H8052_MiddleMan_02.oid
CharacterEditor,046379f5,H0503_Ann_Daily.oid
CharacterEditor,048e80a8,H0504_Yusuke_Daily.swg
CharacterEditor,04c32d93,H0100_Sojiro_Cafe.oid
CharacterEditor,04d593af,UI9007_Trunk.g1m
CharacterEditor,04f2f8ad,H3600_Axe_00.g1m
CharacterEditor,0510abed,UI9007_Trunk.mtl
CharacterEditor,052b727f,UI9009_Map.oidex
CharacterEditor,052e10eb,H3600_Axe_00.mtl
CharacterEditor,05870abf,H8167_BagShopper_04.grp
CharacterEditor,05968e45,UI1007_Necronomicon.grp
CharacterEditor,05999980,H2057_Silky.ktid
CharacterEditor,05dde1b1,H4000_Handgun_00.g1m
CharacterEditor,0618f9ef,H4000_Handgun_00.mtl
CharacterEditor,061f0651,H8154_BagShujin_02.g1m
CharacterEditor,065a1e8f,H8154_BagShujin_02.mtl
CharacterEditor,0680d5ee,H5100_Mask_Guard.oid
CharacterEditor,071b1faa,H8101_VisitorMan_01.oid
CharacterEditor,07275fae,UI9000_Chain.oid
CharacterEditor,072cc4ae,H7904_Car_04.oidex
CharacterEditor,0747d74a,H6000_Skateboard.oid
CharacterEditor,07cc9623,H0210_Alice_Shadow.oidex
CharacterEditor,0804764e,UI0000_Joker.grp
CharacterEditor,083d35a3,UI9006_Icecream.g1m
CharacterEditor,084e81e7,H8142_Bunko.grp
CharacterEditor,08590659,H8631_C_MiddleMan_11.g1m
CharacterEditor,085c801f,H0001_Skull.grp
CharacterEditor,08602d70,H2210_Wish_Jewel.ktid
CharacterEditor,08784de1,UI9006_Icecream.mtl
CharacterEditor,08941e97,H8631_C_MiddleMan_11.mtl
CharacterEditor,0904acf5,H1100_Funnel.g1m
CharacterEditor,09391b21,H0502_Morgana_Daily.g1m
CharacterEditor,093fc533,H1100_Funnel.mtl
CharacterEditor,0947cec7,H0008_Sophie.g1m
CharacterEditor,0964513d,GIM_UI_Road_003.g1m
CharacterEditor,0974335f,H0502_Morgana_Daily.mtl
CharacterEditor,0982e705,H0008_Sophie.mtl
CharacterEditor,099ce80d,H4400_ARifle_00.oidex
CharacterEditor,099f697b,GIM_UI_Road_003.mtl
CharacterEditor,09b3045c,H3500_Glove_L_00.oidex
CharacterEditor,09bbd39d,H8148_Sensu.oid
CharacterEditor,09cbab3e,H7537_souvenir_Osaka.grp
CharacterEditor,09f8e53f,H1504_Drone.g1m
CharacterEditor,0a33fd7d,H1504_Drone.mtl
CharacterEditor,0a491e5c,H0503_Ann_Daily.swg
CharacterEditor,0a5ad75b,H8569_C_YoungWoman_09.grp
CharacterEditor,0aafccb5,H8170_BagShopper_07.ktid
CharacterEditor,0b001750,H8000_YoungMan_00.oidex
CharacterEditor,0b24c223,H8000_YoungMan_00.oid
CharacterEditor,0b4c524a,H8154_BagShujin_02.ktid
CharacterEditor,0b8154ea,H0506_Haru_Daily.g1m
CharacterEditor,0bbc6d28,H0506_Haru_Daily.mtl
CharacterEditor,0bc5252d,UI9007_Trunk.grp
CharacterEditor,0be28a2b,H3600_Axe_00.grp
CharacterEditor,0c0a395b,H2004_Pixie.oid
CharacterEditor,0c43e09b,H8121_VisitorWoman_01.g1m
CharacterEditor,0c6c1dca,H8025_YoungWoman_05.g1m
CharacterEditor,0c7105ba,H8174_Mouth_00.oid
CharacterEditor,0c7ef8d9,H8121_VisitorWoman_01.mtl
CharacterEditor,0c8d26af,H8560_C_YoungWoman_00.g1m
CharacterEditor,0ca73608,H8025_YoungWoman_05.mtl
CharacterEditor,0caea2c8,H0504_Yusuke_Daily.g1m
CharacterEditor,0cc83eed,H8560_C_YoungWoman_00.mtl
CharacterEditor,0ccd732f,H4000_Handgun_00.grp
CharacterEditor,0ce9bb06,H0504_Yusuke_Daily.mtl
CharacterEditor,0d0e97cf,H8154_BagShujin_02.grp
CharacterEditor,0d24ff5e,H5103_Mask_Commander.oid
CharacterEditor,0d62c25e,GIM_UI_Road_002.g1m
CharacterEditor,0d705123,H8169_BagShopper_06.oidex
CharacterEditor,0d9dda9c,GIM_UI_Road_002.mtl
CharacterEditor,0db75dc4,H8162_BagLadys.oid
CharacterEditor,0e41d900,GIM_UI_Tbox.oidex
CharacterEditor,0f2cc721,UI9006_Icecream.grp
CharacterEditor,0f4897d7,H8631_C_MiddleMan_11.grp
CharacterEditor,0f5e5717,H7001_Mask.oidex
CharacterEditor,0fb2b1c1,H3700_Yoyo_R_00.oidex
CharacterEditor,0fd183d2,H8620_C_MiddleMan_00.oid
CharacterEditor,0fd9e5da,H1000_Arsene.g1m
CharacterEditor,0ff43e73,H1100_Funnel.grp
CharacterEditor,1014fe18,H1000_Arsene.mtl
CharacterEditor,1028ac9f,H0502_Morgana_Daily.grp
CharacterEditor,10376045,H0008_Sophie.grp
CharacterEditor,1053e2bb,GIM_UI_Road_003.grp
CharacterEditor,1082bb37,UI0004_Fox_S.ktid
CharacterEditor,1091bc6d,H8173_RucksackW.oid
CharacterEditor,1097587d,H8502_C_YoungMan_02.g1m
CharacterEditor,10a8c35e,UI0003_Panther.g1m
CharacterEditor,10d17e1b,UI9000_Chain.oidex
CharacterEditor,10d270bb,H8502_C_YoungMan_02.mtl
CharacterEditor,10e3db9c,UI0003_Panther.mtl
CharacterEditor,10e876bd,H1504_Drone.grp
CharacterEditor,10fd6a00,H4100_Shotgun_00.ktid
CharacterEditor,11351fb3,H0507_Futaba_Daily.ktid
CharacterEditor,1161337f,GIM_UI_Road_001.g1m
CharacterEditor,1190189d,H3300_Whip_stretch_00.ktid
CharacterEditor,119c4bbd,GIM_UI_Road_001.mtl
CharacterEditor,12253126,H8052_MiddleMan_02.g1m
CharacterEditor,12604964,H8052_MiddleMan_02.mtl
CharacterEditor,1269407c,H0503_Ann_Daily.g1m
CharacterEditor,1270e668,H0506_Haru_Daily.grp
CharacterEditor,12a458ba,H0503_Ann_Daily.mtl
CharacterEditor,12c8f41a,H0100_Sojiro_Cafe.g1m
CharacterEditor,12fc54dd,H1002_Zorro.oid
CharacterEditor,13040c58,H0100_Sojiro_Cafe.mtl
CharacterEditor,13337219,H8121_VisitorWoman_01.grp
CharacterEditor,13368c17,H8003_YoungMan_03.ktid
CharacterEditor,134ce880,H1000_Arsene.oidex
CharacterEditor,135baf48,H8025_YoungWoman_05.grp
CharacterEditor,137cb82d,H8560_C_YoungWoman_00.grp
CharacterEditor,139e3446,H0504_Yusuke_Daily.grp
CharacterEditor,13a65e0c,H4800_WRevolver_L_00.oid
CharacterEditor,145253dc,GIM_UI_Road_002.grp
CharacterEditor,14869c75,H5100_Mask_Guard.g1m
CharacterEditor,14c1b4b3,H5100_Mask_Guard.mtl
CharacterEditor,1503a28c,H4300_SMachineGun_00.oid
CharacterEditor,151c8e91,UI9008_Phone.ktid
CharacterEditor,1520e631,H8101_VisitorMan_01.g1m
CharacterEditor,1526763b,UI0008_Sophie.oidex
CharacterEditor,152d2635,UI9000_Chain.g1m
CharacterEditor,15350252,H8163_BagShopper_00.ktid
CharacterEditor,154d9dd1,H6000_Skateboard.g1m
CharacterEditor,155bfe6f,H8101_VisitorMan_01.mtl
CharacterEditor,15683e73,UI9000_Chain.mtl
CharacterEditor,1588b60f,H6000_Skateboard.mtl
CharacterEditor,15fb2b67,H8500_C_YoungMan_00.oidex
CharacterEditor,1627b5fa,H5000_Enemy_Flashlight.oid
CharacterEditor,165a4b2a,H8570_C_YoungWoman_10.oid
CharacterEditor,169bdfce,UI0008_Sophie.oid
CharacterEditor,16b166c0,H0100_Sojiro_Cafe.oidex
CharacterEditor,16c97758,H1000_Arsene.grp
CharacterEditor,170a950c,H8151_Chopsticks.oid
CharacterEditor,17654f51,H7506_Player_Phone.oidex
CharacterEditor,1786e9fb,H8502_C_YoungMan_02.grp
CharacterEditor,179854dc,UI0003_Panther.grp
CharacterEditor,17c19a24,H8148_Sensu.g1m
CharacterEditor,17fcb262,H8148_Sensu.mtl
CharacterEditor,181192db,H3200_Sword_00.oid
CharacterEditor,182cc40d,H8149_Umbrella_H.ktid
CharacterEditor,1850c4fd,GIM_UI_Road_001.grp
CharacterEditor,18a88179,H4300_SMachineGun_00.oidex
CharacterEditor,1914c2a4,H8052_MiddleMan_02.grp
CharacterEditor,192a88aa,H8000_YoungMan_00.g1m
CharacterEditor,1958d1fa,H0503_Ann_Daily.grp
CharacterEditor,1965a0e8,H8000_YoungMan_00.mtl
CharacterEditor,19b88598,H0100_Sojiro_Cafe.grp
CharacterEditor,19f565d3,H8561_C_YoungWoman_01.oidex
CharacterEditor,1a0fffe2,H2004_Pixie.g1m
CharacterEditor,1a4b1820,H2004_Pixie.mtl
CharacterEditor,1a6db492,H7538_souvenir_Yokoha.oid
CharacterEditor,1a76cc41,H8174_Mouth_00.g1m
CharacterEditor,1ab1e47f,H8174_Mouth_00.mtl
CharacterEditor,1ad8db12,H0000_Joker.oidex
CharacterEditor,1aff31f2,H8621_C_MiddleMan_01.oid
CharacterEditor,1b2ac5e5,H5103_Mask_Commander.g1m
CharacterEditor,1b65de23,H5103_Mask_Commander.mtl
CharacterEditor,1b762df3,H5100_Mask_Guard.grp
CharacterEditor,1b8b9fd6,H8165_BagShopper_02.ktid
CharacterEditor,1b9051c7,H8177_Mouth_03.oidex
CharacterEditor,1bae55bc,H4700_Blaster_00.oidex
CharacterEditor,1bbd244b,H8162_BagLadys.g1m
CharacterEditor,1bda7504,UI0003_Panther.oidex
CharacterEditor,1bf83c89,H8162_BagLadys.mtl
CharacterEditor,1bf98dd4,H8149_Umbrella_H.oidex
CharacterEditor,1c1077af,H8101_VisitorMan_01.grp
CharacterEditor,1c1cb7b3,UI9000_Chain.grp
CharacterEditor,1c3d2f4f,H6000_Skateboard.grp
CharacterEditor,1c4dafb8,UI9002_Spray.ktid
CharacterEditor,1c61411b,H8602_C_PoliceMan_02.ktid
CharacterEditor,1d03262a,H1511_Jewelry.ktid
CharacterEditor,1dd74a59,H8620_C_MiddleMan_00.g1m
CharacterEditor,1de2e1bc,H8166_BagShopper_03.oid
CharacterEditor,1e126297,H8620_C_MiddleMan_00.mtl
CharacterEditor,1e900253,H7909_Car_09.ktid
CharacterEditor,1e9782f4,H8173_RucksackW.g1m
CharacterEditor,1eb12ba2,H8148_Sensu.grp
CharacterEditor,1eb8975a,H6001_Snowboard.ktid
CharacterEditor,1ebe50c6,H4800_WRevolver_R_00.oid
CharacterEditor,1ed29b32,H8173_RucksackW.mtl
CharacterEditor,1eeed532,H8563_C_YoungWoman_03.ktid
CharacterEditor,1ef77a97,H8570_C_YoungWoman_10.oidex
CharacterEditor,1f0504b9,H8601_C_PoliceMan_01.oid
CharacterEditor,1f4e44ff,H8053_MiddleMan_03.oid
CharacterEditor,1fed44d4,H3700_Yoyo_R_00.oid
CharacterEditor,1ffba6ec,H8507_C_YoungMan_07.oid
CharacterEditor,201a1a28,H8000_YoungMan_00.grp
CharacterEditor,20d940bb,H1503_Commander.ktid
CharacterEditor,20ee4b7d,H7500_BagMona.oid
CharacterEditor,20ff9160,H2004_Pixie.grp
CharacterEditor,21021b64,H1002_Zorro.g1m
CharacterEditor,213d33a2,H1002_Zorro.mtl
CharacterEditor,21665dbf,H8174_Mouth_00.grp
CharacterEditor,21ac2493,H4800_WRevolver_L_00.g1m
CharacterEditor,21e23d5a,H8167_BagShopper_04.ktid
CharacterEditor,21e73cd1,H4800_WRevolver_L_00.mtl
CharacterEditor,221a5763,H5103_Mask_Commander.grp
CharacterEditor,226cdf1e,H1001_CaptainKidd.ktid
CharacterEditor,22acb5c9,H8162_BagLadys.grp
CharacterEditor,22f20227,H0500_Hero_Daily.oid
CharacterEditor,23096913,H4300_SMachineGun_00.g1m
CharacterEditor,231abb34,UI0001_Skull.oid
CharacterEditor,23448151,H4300_SMachineGun_00.mtl
CharacterEditor,238dac86,UI0005_Queen_S.oidex
CharacterEditor,23c32a94,UI1007_Necronomicon.ktid
CharacterEditor,242d7c81,H5000_Enemy_Flashlight.g1m
CharacterEditor,246011b1,H8570_C_YoungWoman_10.g1m
CharacterEditor,246894bf,H5000_Enemy_Flashlight.mtl
CharacterEditor,249b29ef,H8570_C_YoungWoman_10.mtl
CharacterEditor,24a1a655,UI0008_Sophie.g1m
CharacterEditor,24c6dbd7,H8620_C_MiddleMan_00.grp
CharacterEditor,24dcbe93,UI0008_Sophie.mtl
CharacterEditor,25105b93,H8151_Chopsticks.g1m
CharacterEditor,254b73d1,H8151_Chopsticks.mtl
CharacterEditor,25871472,H8173_RucksackW.grp
CharacterEditor,26175962,H3200_Sword_00.g1m
CharacterEditor,265271a0,H3200_Sword_00.mtl
CharacterEditor,266c9293,H3600_Axe_00.oidex
CharacterEditor,27b42d7c,H0006_Noir.oid
CharacterEditor,27f1ace2,H1002_Zorro.grp
CharacterEditor,2838dade,H8169_BagShopper_06.ktid
CharacterEditor,28737b19,H7538_souvenir_Yokoha.g1m
CharacterEditor,289bb611,H4800_WRevolver_L_00.grp
CharacterEditor,28ae9357,H7538_souvenir_Yokoha.mtl
CharacterEditor,28dca6e6,H1503_Commander.oidex
CharacterEditor,2904f879,H8621_C_MiddleMan_01.g1m
CharacterEditor,294010b7,H8621_C_MiddleMan_01.mtl
CharacterEditor,299f39eb,H8143_Book.ktid
CharacterEditor,29f8fa91,H4300_SMachineGun_00.grp
CharacterEditor,2a32b2d9,H8602_C_PoliceMan_02.oid
CharacterEditor,2a4b129b,H7100_BGColor_Red.oidex
CharacterEditor,2abffa89,H8566_C_YoungWoman_06.oidex
CharacterEditor,2ad34727,GIM_UI_Other.oidex
CharacterEditor,2afcb94f,H8158_BagHand.ktid
CharacterEditor,2b1d0dff,H5000_Enemy_Flashlight.grp
CharacterEditor,2b31c7a5,H8168_BagShopper_05.oidex
CharacterEditor,2b4fa32f,H8570_C_YoungWoman_10.grp
CharacterEditor,2b9137d3,UI0008_Sophie.grp
CharacterEditor,2be8a843,H8166_BagShopper_03.g1m
CharacterEditor,2bf15462,H8147_Uchiwa.oidex
CharacterEditor,2bffed11,H8151_Chopsticks.grp
CharacterEditor,2c234610,UI9004_Key.oid
CharacterEditor,2c23c081,H8166_BagShopper_03.mtl
CharacterEditor,2cc4174d,H4800_WRevolver_R_00.g1m
CharacterEditor,2ccbb916,H0005_Queen.oidex
CharacterEditor,2cff2f8b,H4800_WRevolver_R_00.mtl
CharacterEditor,2d06eae0,H3200_Sword_00.grp
CharacterEditor,2d0acb40,H8601_C_PoliceMan_01.g1m
CharacterEditor,2d45e37e,H8601_C_PoliceMan_01.mtl
CharacterEditor,2d540b86,H8053_MiddleMan_03.g1m
CharacterEditor,2d8f23c4,H8053_MiddleMan_03.mtl
CharacterEditor,2da73c9a,H8176_Mouth_02.ktid
CharacterEditor,2de621ee,H0504_Yusuke_Daily.oidex
CharacterEditor,2df30b5b,H3700_Yoyo_R_00.g1m
CharacterEditor,2dfc38d7,H8148_Sensu.ktid
CharacterEditor,2e016d73,H8507_C_YoungMan_07.g1m
CharacterEditor,2e2e2399,H3700_Yoyo_R_00.mtl
CharacterEditor,2e3c85b1,H8507_C_YoungMan_07.mtl
CharacterEditor,2e620d3a,H8031_YoungWoman_11.oidex
CharacterEditor,2e627bea,UI0004_Fox_S.oidex
CharacterEditor,2ef41204,H7500_BagMona.g1m
CharacterEditor,2f2f2a42,H7500_BagMona.mtl
CharacterEditor,2f3e27fa,H8179_Mouth_05.ktid
CharacterEditor,2f575e54,H0110_Miyako.ktid
CharacterEditor,2f630c97,H7538_souvenir_Yokoha.grp
CharacterEditor,2fb42c83,UI0007_Navi_S.oid
CharacterEditor,2fe2c0f8,H8501_C_YoungMan_01.oid
CharacterEditor,2ff489f7,H8621_C_MiddleMan_01.grp
CharacterEditor,305094da,H8567_C_YoungWoman_07.oid
CharacterEditor,306adb5d,UI0000_Joker_S.oid
CharacterEditor,30f7c8ae,H0500_Hero_Daily.g1m
CharacterEditor,312081bb,UI0001_Skull.g1m
CharacterEditor,3132e0ec,H0500_Hero_Daily.mtl
CharacterEditor,315a8e32,H8623_C_MiddleMan_03.oid
CharacterEditor,315b99f9,UI0001_Skull.mtl
CharacterEditor,31b3e807,H0502_Morgana_Daily.oidex
CharacterEditor,31c10cd1,H8155_BagSchool.ktid
CharacterEditor,31cf0beb,H7535_souvenir_Fukuo.oidex
CharacterEditor,31d4f8c1,H8302_PickTakoyaki.ktid
CharacterEditor,323350d1,H2210_Wish_Jewel.oidex
CharacterEditor,325209a7,H8149_Umbrella_H.oid
CharacterEditor,328818ba,H6001_Snowboard.oid
CharacterEditor,32b66a69,H7533_souvenir_Sappo.ktid
CharacterEditor,32d839c1,H8166_BagShopper_03.grp
CharacterEditor,32ed6425,H8158_BagHand.oid
CharacterEditor,32f03bce,H7905_Car_05.oidex
CharacterEditor,331b58fc,H1500_Guard.oidex
CharacterEditor,3322a1a3,H4200_Slingshot_00.oidex
CharacterEditor,3359d7ef,UI0002_Mona_S.oid
CharacterEditor,33867682,H7538_souvenir_Yokoha.ktid
CharacterEditor,339b9329,UI0004_Fox.oid
CharacterEditor,33b3a8cb,H4800_WRevolver_R_00.grp
CharacterEditor,33c3b807,H0509_Zenkichi_Daily.oid
CharacterEditor,33fa5cbe,H8601_C_PoliceMan_01.grp
CharacterEditor,3430e470,H8025_YoungWoman_05.oidex
CharacterEditor,34439d04,H8053_MiddleMan_03.grp
CharacterEditor,34b54990,UI9010_Book.oidex
CharacterEditor,34e29cd9,H3700_Yoyo_R_00.grp
CharacterEditor,34ee5d90,H8155_BagSchool.oidex
CharacterEditor,34f0fef1,H8507_C_YoungMan_07.grp
CharacterEditor,3579d704,H0007_Navi.oidex
CharacterEditor,35b9f403,H0006_Noir.g1m
CharacterEditor,35e3a382,H7500_BagMona.grp
CharacterEditor,35f50c41,H0006_Noir.mtl
CharacterEditor,36b9de53,H7000_Harisen.oid
CharacterEditor,371bc2d3,H8159_BagTote_00.oidex
CharacterEditor,3757efa0,H8302_PickTakoyaki.oidex
CharacterEditor,37e75a2c,H0500_Hero_Daily.grp
CharacterEditor,38101339,UI0001_Skull.grp
CharacterEditor,381ebec5,UI0002_Mona_S.ktid
CharacterEditor,38387960,H8602_C_PoliceMan_02.g1m
CharacterEditor,3873919e,H8602_C_PoliceMan_02.mtl
CharacterEditor,3880689a,H8175_Mouth_01.oid
CharacterEditor,38d5d3b6,H8143_Book.oidex
CharacterEditor,38ed63e1,H1000_Arsene.ktid
CharacterEditor,39018463,UI9010_Book.oid
CharacterEditor,39a95c6e,H0509_Zenkichi_Daily.swg
CharacterEditor,3a290c97,UI9004_Key.g1m
CharacterEditor,3a6424d5,UI9004_Key.mtl
CharacterEditor,3b25b673,H7900_Car_00.ktid
CharacterEditor,3b8bdb8d,H0500_Hero_Daily.ktid
CharacterEditor,3b95cea6,UI3000_Knife_00.oidex
CharacterEditor,3c059ccb,H0501_Ryuji_Daily.oid
CharacterEditor,3ca98581,H0006_Noir.grp
CharacterEditor,3d3da641,H4100_Shotgun_00.oidex
CharacterEditor,3db9f30a,UI0007_Navi_S.g1m
CharacterEditor,3de8877f,H8501_C_YoungMan_01.g1m
CharacterEditor,3df50b48,UI0007_Navi_S.mtl
CharacterEditor,3e239fbd,H8501_C_YoungMan_01.mtl
CharacterEditor,3e4b2fd3,GIM_UI_Tbox.oid
CharacterEditor,3e565b61,H8567_C_YoungWoman_07.g1m
CharacterEditor,3e6270b4,H8140_FishingRod.ktid
CharacterEditor,3e70a1e4,UI0000_Joker_S.g1m
CharacterEditor,3e91739f,H8567_C_YoungWoman_07.mtl
CharacterEditor,3eabba22,UI0000_Joker_S.mtl
CharacterEditor,3ec9a027,H8020_YoungWoman_00.ktid
CharacterEditor,3f1233cf,H8144_SunGlass.oid
CharacterEditor,3f280ade,H8602_C_PoliceMan_02.grp
CharacterEditor,3f6054b9,H8623_C_MiddleMan_03.g1m
CharacterEditor,3f9b6cf7,H8623_C_MiddleMan_03.mtl
CharacterEditor,40034073,H0009_Wolf.ktid
CharacterEditor,40146acb,UI0004_Fox.ktid
CharacterEditor,4057d02e,H8149_Umbrella_H.g1m
CharacterEditor,407a4420,UI0001_Skull.ktid
CharacterEditor,408ddf41,H6001_Snowboard.g1m
CharacterEditor,4092e86c,H8149_Umbrella_H.mtl
CharacterEditor,40a037e7,H1008_Pandora.oidex
CharacterEditor,40c8f77f,H6001_Snowboard.mtl
CharacterEditor,40f32aac,H8158_BagHand.g1m
CharacterEditor,41189e15,UI9004_Key.grp
CharacterEditor,412e42ea,H8158_BagHand.mtl
CharacterEditor,415f9e76,UI0002_Mona_S.g1m
CharacterEditor,41621069,H0006_Noir.oidex
CharacterEditor,4166702e,H8561_C_YoungWoman_01.ktid
CharacterEditor,417b1d12,UI9009_Map.oid
CharacterEditor,419ab6b4,UI0002_Mona_S.mtl
CharacterEditor,41a159b0,UI0004_Fox.g1m
CharacterEditor,41c97e8e,H0509_Zenkichi_Daily.g1m
CharacterEditor,41dc71ee,UI0004_Fox.mtl
CharacterEditor,41eb4132,H0501_Ryuji_Daily.swg
CharacterEditor,41faf3bf,H8147_Uchiwa.ktid
CharacterEditor,420496cc,H0509_Zenkichi_Daily.mtl
CharacterEditor,427c20fb,UI3000_Knife_00.ktid
CharacterEditor,429ca141,H0507_Futaba_Daily.oid
CharacterEditor,42bcdea3,UI9008_Phone.oid
CharacterEditor,430aeaa1,H7909_Car_09.oid
CharacterEditor,43fca6ee,H0507_Futaba_Daily.oidex
CharacterEditor,44972577,H3400_Katana_Saya_00.oid
CharacterEditor,44a8437e,H3100_Club_00.oidex
CharacterEditor,44a98488,UI0007_Navi_S.grp
CharacterEditor,44bfa4da,H7000_Harisen.g1m
CharacterEditor,44cdadce,H6010_Kidd_Shell.oid
CharacterEditor,44d818fd,H8501_C_YoungMan_01.grp
CharacterEditor,44eb9569,H0501_Ryuji_Daily.ktid
CharacterEditor,44f0e1ad,H0509_Zenkichi_Daily.ktid
CharacterEditor,44fabd18,H7000_Harisen.mtl
CharacterEditor,45203dab,H8022_YoungWoman_02.ktid
CharacterEditor,4524a522,H8621_C_MiddleMan_01.ktid
CharacterEditor,45268b55,H8007_YoungMan_07.oid
CharacterEditor,4545ecdf,H8567_C_YoungWoman_07.grp
CharacterEditor,45603362,UI0000_Joker_S.grp
CharacterEditor,45862cf1,H7536_souvenir_Kyoto.ktid
CharacterEditor,45b0edd9,H8507_C_YoungMan_07.oidex
CharacterEditor,464fe637,H8623_C_MiddleMan_03.grp
CharacterEditor,4684fe01,UI9001_Lip.oid
CharacterEditor,46862f21,H8175_Mouth_01.g1m
CharacterEditor,46c1475f,H8175_Mouth_01.mtl
CharacterEditor,47074aea,UI9010_Book.g1m
CharacterEditor,4739a551,H0103_Lavenza.ktid
CharacterEditor,47426328,UI9010_Book.mtl
CharacterEditor,474761ac,H8149_Umbrella_H.grp
CharacterEditor,477d70bf,H6001_Snowboard.grp
CharacterEditor,4796efb4,H8141_SmartPhone.oidex
CharacterEditor,47e2bc2a,H8158_BagHand.grp
CharacterEditor,48459e06,H3400_Saya_00.ktid
CharacterEditor,484f2ff4,UI0002_Mona_S.grp
CharacterEditor,488245a8,H0507_Futaba_Daily.swg
CharacterEditor,4890eb2e,UI0004_Fox.grp
CharacterEditor,48b9100c,H0509_Zenkichi_Daily.grp
CharacterEditor,48dcb27e,UI0006_Noir_S.oid
CharacterEditor,48f33e27,H8167_BagShopper_04.oidex
CharacterEditor,495e69b0,UI0007_Navi_S.oidex
CharacterEditor,4987a81a,H8500_C_YoungMan_00.ktid
CharacterEditor,49afd70f,H0000_Joker.ktid
CharacterEditor,4a0b6352,H0501_Ryuji_Daily.g1m
CharacterEditor,4a467b90,H0501_Ryuji_Daily.mtl
CharacterEditor,4b3410be,H8165_BagShopper_02.oid
CharacterEditor,4baf3658,H7000_Harisen.grp
CharacterEditor,4bd78a80,H0110_Miyako.oid
CharacterEditor,4c50f65a,GIM_UI_Tbox.g1m
CharacterEditor,4c61777f,UI0006_Noir.oidex
CharacterEditor,4c8c0e98,GIM_UI_Tbox.mtl
CharacterEditor,4ccbdf97,H1002_Zorro.ktid
CharacterEditor,4cf40d38,UI9006_Icecream.ktid
CharacterEditor,4cfbc536,H4200_Slingshot_00.oid
CharacterEditor,4d17fa56,H8144_SunGlass.g1m
CharacterEditor,4d390f04,H8145_HeadPhone.ktid
CharacterEditor,4d4cd5ee,H8506_C_YoungMan_06.oid
CharacterEditor,4d531294,H8144_SunGlass.mtl
CharacterEditor,4d75c09f,H8175_Mouth_01.grp
CharacterEditor,4dc61f9c,H8566_C_YoungWoman_06.oid
CharacterEditor,4df6dc68,UI9010_Book.grp
CharacterEditor,4e8b223d,H3400_Katana_Saya_00.ktid
CharacterEditor,4e91bae6,H7537_souvenir_Osaka.oidex
CharacterEditor,4f00cb44,H3300_Whip_stretch_00.oidex
CharacterEditor,4f232850,H0552_Morgana_Car.ktid
CharacterEditor,4f576e79,H5002_Enemy_Shield.ktid
CharacterEditor,4f80e399,UI9009_Map.g1m
CharacterEditor,4fbbfbd7,UI9009_Map.mtl
CharacterEditor,4fde459e,H8502_C_YoungMan_02.ktid
CharacterEditor,500bfc07,H8175_Mouth_01.oidex
CharacterEditor,50525342,H8631_C_MiddleMan_11.ktid
CharacterEditor,5092218a,H8180_Hair_00.oid
CharacterEditor,50a267c8,H0507_Futaba_Daily.g1m
CharacterEditor,50c2a52a,UI9008_Phone.g1m
CharacterEditor,50cfb9a2,H3006_Knife_06.oidex
CharacterEditor,50dd8006,H0507_Futaba_Daily.mtl
CharacterEditor,50faf4d0,H0501_Ryuji_Daily.grp
CharacterEditor,50fdbd68,UI9008_Phone.mtl
CharacterEditor,5110b128,H7909_Car_09.g1m
CharacterEditor,514bc966,H7909_Car_09.mtl
CharacterEditor,51bd2ee7,H0110_Miyako.swg
CharacterEditor,51fa36dd,UI0003_Panther.ktid
CharacterEditor,5273fdba,H5007_Enemy_Launcher.oidex
CharacterEditor,5286b629,H5001_Enemy_Club.oid
CharacterEditor,52891a3b,H3700_Yoyo_L_00.oidex
CharacterEditor,529cebfe,H3400_Katana_Saya_00.g1m
CharacterEditor,52a4b2f8,H7533_souvenir_Sappo.oidex
CharacterEditor,52ba7a5e,H4200_Slingshot_00.ktid
CharacterEditor,52bcd835,UI0001_Skull_S.oidex
CharacterEditor,52d37455,H6010_Kidd_Shell.g1m
CharacterEditor,52d8043c,H3400_Katana_Saya_00.mtl
CharacterEditor,530e8c93,H6010_Kidd_Shell.mtl
CharacterEditor,532c51dc,H8007_YoungMan_07.g1m
CharacterEditor,534087d8,GIM_UI_Tbox.grp
CharacterEditor,53676a1a,H8007_YoungMan_07.mtl
CharacterEditor,53ea6009,H8143_Book.oid
CharacterEditor,54078bd4,H8144_SunGlass.grp
CharacterEditor,54896430,H3800_GreatSword_00.ktid
CharacterEditor,548ac488,UI9001_Lip.g1m
CharacterEditor,54c5dcc6,UI9001_Lip.mtl
CharacterEditor,5525a4c6,H6010_Kidd_Shell.ktid
CharacterEditor,55abf9bf,H8055_MiddleMan_05.oid
CharacterEditor,55c75732,H7002_Mementos_Item.oidex
CharacterEditor,5634e322,H8504_C_YoungMan_04.ktid
CharacterEditor,56707517,UI9009_Map.grp
CharacterEditor,56a45e18,H8172_RucksackM.oid
CharacterEditor,56e27905,UI0006_Noir_S.g1m
CharacterEditor,571d9143,UI0006_Noir_S.mtl
CharacterEditor,57261cfd,H8171_BagShopper_08.oid
CharacterEditor,573bbf0d,H8564_C_YoungWoman_04.oidex
CharacterEditor,5791f946,H0507_Futaba_Daily.grp
CharacterEditor,57b236a8,UI9008_Phone.grp
CharacterEditor,580042a6,H7909_Car_09.grp
CharacterEditor,5803c4eb,UI0003_Panther_S.oid
CharacterEditor,581ee82e,H7900_Car_00.oidex
CharacterEditor,58241637,H8028_YoungWoman_08.ktid
CharacterEditor,588314c4,UI9004_Key.ktid
CharacterEditor,5908b547,H8023_YoungWoman_03.oid
CharacterEditor,5939d745,H8165_BagShopper_02.g1m
CharacterEditor,5943b59d,H0003_Panther.ktid
CharacterEditor,5974ef83,H8165_BagShopper_02.mtl
CharacterEditor,598c7d7c,H3400_Katana_Saya_00.grp
CharacterEditor,59a65c85,H3500_Glove_L_00.ktid
CharacterEditor,59b11b11,H8000_YoungMan_00.ktid
CharacterEditor,59bcd4e3,H1001_CaptainKidd.oidex
CharacterEditor,59c305d3,H6010_Kidd_Shell.grp
CharacterEditor,59dd5107,H0110_Miyako.g1m
CharacterEditor,5a186945,H0110_Miyako.mtl
CharacterEditor,5a1be35a,H8007_YoungMan_07.grp
CharacterEditor,5b018bbd,H4200_Slingshot_00.g1m
CharacterEditor,5b3ca3fb,H4200_Slingshot_00.mtl
CharacterEditor,5b529c75,H8506_C_YoungMan_06.g1m
CharacterEditor,5b7a5606,UI9001_Lip.grp
CharacterEditor,5b8db4b3,H8506_C_YoungMan_06.mtl
CharacterEditor,5bcbe623,H8566_C_YoungWoman_06.g1m
CharacterEditor,5beab95d,H2003_Jacklantern.oidex
CharacterEditor,5c06fe61,H8566_C_YoungWoman_06.mtl
CharacterEditor,5c1623aa,H8171_BagShopper_08.oidex
CharacterEditor,5c6f9863,H8155_BagSchool.oid
CharacterEditor,5c8b80a6,H8506_C_YoungMan_06.ktid
CharacterEditor,5d298c8e,H3400_Saya_00.oid
CharacterEditor,5d33effa,H8500_C_YoungMan_00.oid
CharacterEditor,5dcdb893,H7907_Car_07.ktid
CharacterEditor,5dd20a83,UI0006_Noir_S.grp
CharacterEditor,5e97e811,H8180_Hair_00.g1m
CharacterEditor,5ed3004f,H8180_Hair_00.mtl
CharacterEditor,5f378f63,H0508_Sophia_Daily.ktid
CharacterEditor,5f45dc17,UI0007_Navi.oid
CharacterEditor,5fa621d1,H3100_Club_00.oid
CharacterEditor,5fe8781f,H8007_YoungMan_07.ktid
CharacterEditor,6010d6f5,H8055_MiddleMan_05.ktid
CharacterEditor,6012af51,H8160_BagTote_01.oid
CharacterEditor,602968c3,H8165_BagShopper_02.grp
CharacterEditor,60767848,UI0001_Skull_S.oid
CharacterEditor,608c7cb0,H5001_Enemy_Club.g1m
CharacterEditor,60b2ded7,H0007_Navi.oid
CharacterEditor,60c794ee,H5001_Enemy_Club.mtl
CharacterEditor,60cce285,H0110_Miyako.grp
CharacterEditor,61157167,H5000_Enemy_Flashlight.oidex
CharacterEditor,6162fc48,H4800_WRevolver_L_00.ktid
CharacterEditor,61f02690,H8143_Book.g1m
CharacterEditor,61f11d3b,H4200_Slingshot_00.grp
CharacterEditor,622b3ece,H8143_Book.mtl
CharacterEditor,62422df3,H8506_C_YoungMan_06.grp
CharacterEditor,62bb77a1,H8566_C_YoungWoman_06.grp
CharacterEditor,62eb8783,UI0002_Mona.oid
CharacterEditor,632840d2,H8158_BagHand.oidex
CharacterEditor,6333a716,H7535_souvenir_Fukuo.ktid
CharacterEditor,6372645b,H8506_C_YoungMan_06.oidex
CharacterEditor,63b1c046,H8055_MiddleMan_05.g1m
CharacterEditor,63ecd884,H8055_MiddleMan_05.mtl
CharacterEditor,647d6654,H0500_Hero_Daily.oidex
CharacterEditor,648fcb7a,H8176_Mouth_02.oid
CharacterEditor,64aa249f,H8172_RucksackM.g1m
CharacterEditor,64e53cdd,H8172_RucksackM.mtl
CharacterEditor,651b8026,H1100_Funnel.ktid
CharacterEditor,65276881,H0009_Wolf.oid
CharacterEditor,652be384,H8171_BagShopper_08.g1m
CharacterEditor,6566fbc2,H8171_BagShopper_08.mtl
CharacterEditor,6587798f,H8180_Hair_00.grp
CharacterEditor,65fcac0c,H8181_Hair_01.ktid
CharacterEditor,66098b72,UI0003_Panther_S.g1m
CharacterEditor,661d6c61,H7907_Car_07.oid
CharacterEditor,6644a3b0,UI0003_Panther_S.mtl
CharacterEditor,66b4b4a9,H8166_BagShopper_03.oidex
CharacterEditor,670e7bce,H8023_YoungWoman_03.g1m
CharacterEditor,6747774e,H8182_Selfie_00.oid
CharacterEditor,6749940c,H8023_YoungWoman_03.mtl
CharacterEditor,677c0e2e,H5001_Enemy_Club.grp
CharacterEditor,680653c3,H8569_C_YoungWoman_09.oidex
CharacterEditor,684fcadc,GIM_UI_Road_001.ktid
CharacterEditor,6864a088,H2004_Pixie.oidex
CharacterEditor,68c586d8,H6002_Cart.ktid
CharacterEditor,68dfb80e,H8143_Book.grp
CharacterEditor,68e44a2d,H0008_Sophie.oidex
CharacterEditor,6917a71a,H8173_RucksackW.oidex
CharacterEditor,6a755eea,H8155_BagSchool.g1m
CharacterEditor,6aa151c4,H8055_MiddleMan_05.grp
CharacterEditor,6aad2f9f,H8150_Umbrella_V.oid
CharacterEditor,6ab07728,H8155_BagSchool.mtl
CharacterEditor,6b2f5315,H3400_Saya_00.g1m
CharacterEditor,6b30f211,H3800_GreatSword_00.oidex
CharacterEditor,6b39b681,H8500_C_YoungMan_00.g1m
CharacterEditor,6b3b6cb8,H8566_C_YoungWoman_06.ktid
CharacterEditor,6b3baa5e,H8565_C_YoungWoman_05.oid
CharacterEditor,6b6a6b53,H3400_Saya_00.mtl
CharacterEditor,6b74cebf,H8500_C_YoungMan_00.mtl
CharacterEditor,6b74d77a,H0502_Morgana_Daily.ktid
CharacterEditor,6b99b61d,H8172_RucksackM.grp
CharacterEditor,6bd629ff,H7538_souvenir_Yokoha.oidex
CharacterEditor,6be9e317,H3300_Whip_stretch_00.oid
CharacterEditor,6c1b7502,H8171_BagShopper_08.grp
CharacterEditor,6c486fea,H1511_Jewelry.oid
CharacterEditor,6c511f02,H8157_BagBusiness.oidex
CharacterEditor,6c720ef2,UI9005_CampCar.oidex
CharacterEditor,6ce254db,H1100_Funnel.oidex
CharacterEditor,6cf91cf0,UI0003_Panther_S.grp
CharacterEditor,6d3c9894,H0008_Sophie.ktid
CharacterEditor,6d4ba29e,UI0007_Navi.g1m
CharacterEditor,6d86badc,UI0007_Navi.mtl
CharacterEditor,6dabe858,H3100_Club_00.g1m
CharacterEditor,6db821ea,H8156_BagPoly.ktid
CharacterEditor,6de70096,H3100_Club_00.mtl
CharacterEditor,6dfe0d4c,H8023_YoungWoman_03.grp
CharacterEditor,6e1875d8,H8160_BagTote_01.g1m
CharacterEditor,6e538e16,H8160_BagTote_01.mtl
CharacterEditor,6e7c3ecf,UI0001_Skull_S.g1m
CharacterEditor,6eb7570d,UI0001_Skull_S.mtl
CharacterEditor,6eb8a55e,H0007_Navi.g1m
CharacterEditor,6ef3bd9c,H0007_Navi.mtl
CharacterEditor,6f04ebdb,H3400_Katana_00.oidex
CharacterEditor,6f1243ab,UI0000_Joker.ktid
CharacterEditor,6fb3d174,H8023_YoungWoman_03.oidex
CharacterEditor,6fd90d36,H7534_souvenir_Okina.oidex
CharacterEditor,70a7727d,H8123_VisitorWoman_03.oidex
CharacterEditor,70b064de,GIM_UI_Road_003.ktid
CharacterEditor,70dad41f,H8056_MiddleMan_06.oid
CharacterEditor,70f14e0a,UI0002_Mona.g1m
CharacterEditor,712c6648,UI0002_Mona.mtl
CharacterEditor,7164f068,H8155_BagSchool.grp
CharacterEditor,721ee493,H3400_Saya_00.grp
CharacterEditor,722947ff,H8500_C_YoungMan_00.grp
CharacterEditor,72959201,H8176_Mouth_02.g1m
CharacterEditor,72d0aa3f,H8176_Mouth_02.mtl
CharacterEditor,72e1af66,GIM_UI_town_001.oid
CharacterEditor,732d2f08,H0009_Wolf.g1m
CharacterEditor,73684746,H0009_Wolf.mtl
CharacterEditor,742332e8,H7907_Car_07.g1m
CharacterEditor,743b341c,UI0007_Navi.grp
CharacterEditor,745e4b26,H7907_Car_07.mtl
CharacterEditor,746ba62d,H8141_SmartPhone.ktid
CharacterEditor,749b79d6,H3100_Club_00.grp
CharacterEditor,75080756,H8160_BagTote_01.grp
CharacterEditor,75088a05,H8172_RucksackM.oidex
CharacterEditor,75138364,H2003_Jacklantern.ktid
CharacterEditor,75366e73,H8302_PickTakoyaki.oid
CharacterEditor,754d3dd5,H8182_Selfie_00.g1m
CharacterEditor,756bd04d,UI0001_Skull_S.grp
CharacterEditor,757a8ad9,H2004_Pixie.ktid
CharacterEditor,75885613,H8182_Selfie_00.mtl
CharacterEditor,75a836dc,H0007_Navi.grp
CharacterEditor,75f36f0a,H8152_BagShujin_00.ktid
CharacterEditor,7672ca3d,H8028_YoungWoman_08.oid
CharacterEditor,76ce217e,H7535_souvenir_Fukuo.oid
CharacterEditor,77084277,H8152_BagShujin_00.oidex
CharacterEditor,7724fc2a,H8156_BagPoly.oid
CharacterEditor,7736bfd3,GIM_UI_town_001.oidex
CharacterEditor,77d9eb97,H8156_BagPoly.oidex
CharacterEditor,77e0df88,UI0002_Mona.grp
CharacterEditor,7809ab32,H8142_Bunko.ktid
CharacterEditor,786e6212,UI0006_Noir.oid
CharacterEditor,78853fc0,H8164_BagShopper_01.oid
CharacterEditor,78b2f626,H8150_Umbrella_V.g1m
CharacterEditor,78ee0e64,H8150_Umbrella_V.mtl
CharacterEditor,791118df,H8161_BagMens.oid
CharacterEditor,794170e5,H8565_C_YoungWoman_05.g1m
CharacterEditor,797c8923,H8565_C_YoungWoman_05.mtl
CharacterEditor,7985237f,H8176_Mouth_02.grp
CharacterEditor,79bb73fa,H0001_Skull.ktid
CharacterEditor,79d79a2c,H8170_BagShopper_07.oidex
CharacterEditor,79efa99e,H3300_Whip_stretch_00.g1m
CharacterEditor,7a1cc086,H0009_Wolf.grp
CharacterEditor,7a2ac1dc,H3300_Whip_stretch_00.mtl
CharacterEditor,7a4e3671,H1511_Jewelry.g1m
CharacterEditor,7a894eaf,H1511_Jewelry.mtl
CharacterEditor,7a9e04f0,H8505_C_YoungMan_05.oid
CharacterEditor,7af31b9f,H8623_C_MiddleMan_03.oidex
CharacterEditor,7b12c466,H7907_Car_07.grp
CharacterEditor,7b3de38a,H1002_Zorro.oidex
CharacterEditor,7c0b39d4,H2057_Silky.oid
CharacterEditor,7c3ccf53,H8182_Selfie_00.grp
CharacterEditor,7cec3f39,H1503_Commander.oid
CharacterEditor,7d379bc4,H8146_GuitarCase.oidex
CharacterEditor,7e1cc43b,H6010_Kidd_Shell.oidex
CharacterEditor,7e24fdbc,H8172_RucksackM.ktid
CharacterEditor,7eb133f9,H7532_souvenir_Sendai.ktid
CharacterEditor,7ee09aa6,H8056_MiddleMan_06.g1m
CharacterEditor,7f1bb2e4,H8056_MiddleMan_06.mtl
CharacterEditor,7f9e6387,H8141_SmartPhone.oid
CharacterEditor,7fa287a4,H8150_Umbrella_V.grp
CharacterEditor,80066fc5,UI0005_Queen.oid
CharacterEditor,800a1115,H8002_YoungMan_02.ktid
CharacterEditor,800b8215,H8052_MiddleMan_02.ktid
CharacterEditor,801b6a09,UI9006_Icecream.oidex
CharacterEditor,80310263,H8565_C_YoungWoman_05.grp
CharacterEditor,80df3b1c,H3300_Whip_stretch_00.grp
CharacterEditor,80e775ed,GIM_UI_town_001.g1m
CharacterEditor,80e7ab8f,H4700_Blaster_00.oid
CharacterEditor,810521af,UI0005_Queen.ktid
CharacterEditor,81228e2b,GIM_UI_town_001.mtl
CharacterEditor,8133dadd,H8505_C_YoungMan_05.oidex
CharacterEditor,813dc7ef,H1511_Jewelry.grp
CharacterEditor,81527ca7,H8178_Mouth_04.oidex
CharacterEditor,81e50b46,H8182_Selfie_00.ktid
CharacterEditor,81ea04d7,H8153_BagShujin_01.oidex
CharacterEditor,81ed4a5a,H8174_Mouth_00.ktid
CharacterEditor,8228c70a,H8003_YoungMan_03.oidex
CharacterEditor,82674cc1,H7913_Car_13.oid
CharacterEditor,829ad397,H8146_GuitarCase.oid
CharacterEditor,82ae511c,H1504_Drone.ktid
CharacterEditor,82db3d6e,H3400_Katana_00.oid
CharacterEditor,832ff82d,UI1007_Necronomicon.oidex
CharacterEditor,833c34fa,H8302_PickTakoyaki.g1m
CharacterEditor,83489e20,H4400_ARifle_00.oid
CharacterEditor,83774d38,H8302_PickTakoyaki.mtl
CharacterEditor,838435ba,H8177_Mouth_03.ktid
CharacterEditor,84762b2b,H8165_BagShopper_02.oidex
CharacterEditor,84774bff,H8170_BagShopper_07.oid
CharacterEditor,847890c4,H8028_YoungWoman_08.g1m
CharacterEditor,84ab5954,H4100_Shotgun_00.oid
CharacterEditor,84b3a902,H8028_YoungWoman_08.mtl
CharacterEditor,84d3e805,H7535_souvenir_Fukuo.g1m
CharacterEditor,850f0043,H7535_souvenir_Fukuo.mtl
CharacterEditor,852ac2b1,H8156_BagPoly.g1m
CharacterEditor,8565daef,H8156_BagPoly.mtl
CharacterEditor,85d02c24,H8056_MiddleMan_06.grp
CharacterEditor,86031b68,H7532_souvenir_Sendai.oidex
CharacterEditor,8659e449,H8022_YoungWoman_02.oid
CharacterEditor,86742899,UI0006_Noir.g1m
CharacterEditor,867f8e65,H0000_Joker.oid
CharacterEditor,868b0647,H8164_BagShopper_01.g1m
CharacterEditor,86ac9104,H0552_Morgana_Car.oid
CharacterEditor,86af40d7,UI0006_Noir.mtl
CharacterEditor,86c61e85,H8164_BagShopper_01.mtl
CharacterEditor,8714e7f8,H0501_Ryuji_Daily.oidex
CharacterEditor,8716df66,H8161_BagMens.g1m
CharacterEditor,8751f7a4,H8161_BagMens.mtl
CharacterEditor,8780417c,H6002_Cart.oid
CharacterEditor,87b92434,H0509_Zenkichi_Daily.oidex
CharacterEditor,87d7076b,GIM_UI_town_001.grp
CharacterEditor,8826a5b5,H8181_Hair_01.oidex
CharacterEditor,8834b0b0,H2005_Bicorn.ktid
CharacterEditor,88495d7f,H0503_Ann_Daily.ktid
CharacterEditor,8876a1bd,H8145_HeadPhone.oidex
CharacterEditor,88a3cb77,H8505_C_YoungMan_05.g1m
CharacterEditor,88b13520,H8564_C_YoungWoman_04.oid
CharacterEditor,88dee3b5,H8505_C_YoungMan_05.mtl
CharacterEditor,892fee21,H7905_Car_05.oid
CharacterEditor,89b33f9d,UI0007_Navi.ktid
CharacterEditor,8a11005b,H2057_Silky.g1m
CharacterEditor,8a2bc678,H8302_PickTakoyaki.grp
CharacterEditor,8a3c4bef,H0004_Fox.ktid
CharacterEditor,8a4c1899,H2057_Silky.mtl
CharacterEditor,8a585af3,UI9001_Lip.ktid
CharacterEditor,8a772a0e,H7907_Car_07.oidex
CharacterEditor,8a943a45,UI9005_CampCar.oid
CharacterEditor,8ab27eb7,H6000_Skateboard.oidex
CharacterEditor,8af205c0,H1503_Commander.g1m
CharacterEditor,8b2d1dfe,H1503_Commander.mtl
CharacterEditor,8b586361,GIM_UI_Tbox.ktid
CharacterEditor,8b682242,H8028_YoungWoman_08.grp
CharacterEditor,8bae47c8,H4300_SMachineGun_00.ktid
CharacterEditor,8bc37983,H7535_souvenir_Fukuo.grp
CharacterEditor,8c1a542f,H8156_BagPoly.grp
CharacterEditor,8c2b04b0,UI0002_Mona.oidex
CharacterEditor,8ccbc737,H8154_BagShujin_02.oidex
CharacterEditor,8d63ba17,UI0006_Noir.grp
CharacterEditor,8d7547f6,H8022_YoungWoman_02.oidex
CharacterEditor,8d7a97c5,H8164_BagShopper_01.grp
CharacterEditor,8da42a0e,H8141_SmartPhone.g1m
CharacterEditor,8db307b4,H8564_C_YoungWoman_04.ktid
CharacterEditor,8ddb1b77,H8171_BagShopper_08.ktid
CharacterEditor,8ddf424c,H8141_SmartPhone.mtl
CharacterEditor,8de5f1cb,H5103_Mask_Commander.oidex
CharacterEditor,8dfdcf5f,H8621_C_MiddleMan_01.oidex
CharacterEditor,8e0670e4,H8161_BagMens.grp
CharacterEditor,8e0c364c,UI0005_Queen.g1m
CharacterEditor,8e474e8a,UI0005_Queen.mtl
CharacterEditor,8eed7216,H4700_Blaster_00.g1m
CharacterEditor,8f288a54,H4700_Blaster_00.mtl
CharacterEditor,8f935cf5,H8505_C_YoungMan_05.grp
CharacterEditor,8ffb9a08,H3200_Sword_00.oidex
CharacterEditor,9006fb4e,H7912_Car_12.oidex
CharacterEditor,906d1348,H7913_Car_13.g1m
CharacterEditor,909f2e5a,H8177_Mouth_03.oid
CharacterEditor,90a09a1e,H8146_GuitarCase.g1m
CharacterEditor,90a82b86,H7913_Car_13.mtl
CharacterEditor,90dbb25c,H8146_GuitarCase.mtl
CharacterEditor,90e103f5,H3400_Katana_00.g1m
CharacterEditor,910091d9,H2057_Silky.grp
CharacterEditor,911c1c33,H3400_Katana_00.mtl
CharacterEditor,914e64a7,H4400_ARifle_00.g1m
CharacterEditor,91770eda,UI4100_Shotgun_00.ktid
CharacterEditor,91897ce5,H4400_ARifle_00.mtl
CharacterEditor,91e1973e,H1503_Commander.grp
CharacterEditor,927d1286,H8170_BagShopper_07.g1m
CharacterEditor,92b11fdb,H4100_Shotgun_00.g1m
CharacterEditor,92b82ac4,H8170_BagShopper_07.mtl
CharacterEditor,92ec3819,H4100_Shotgun_00.mtl
CharacterEditor,93ce47aa,H7001_Mask.oid
CharacterEditor,93e01da1,H0100_Sojiro_Cafe.ktid
CharacterEditor,93f08da1,H7912_Car_12.oid
CharacterEditor,945faad0,H8022_YoungWoman_02.g1m
CharacterEditor,94821847,H8567_C_YoungWoman_07.oidex
CharacterEditor,948554ec,H0000_Joker.g1m
CharacterEditor,9493bb8c,H8141_SmartPhone.grp
CharacterEditor,9498d9b6,H0210_Alice_Shadow.oid
CharacterEditor,949ac30e,H8022_YoungWoman_02.mtl
CharacterEditor,94a3bfe7,H8031_YoungWoman_11.ktid
CharacterEditor,94b2578b,H0552_Morgana_Car.g1m
CharacterEditor,94c06d2a,H0000_Joker.mtl
CharacterEditor,94ed6fc9,H0552_Morgana_Car.mtl
CharacterEditor,94fbc7ca,UI0005_Queen.grp
CharacterEditor,952b853d,UI0004_Fox_S.oid
CharacterEditor,955bb123,H3100_Club_00.ktid
CharacterEditor,95860803,H6002_Cart.g1m
CharacterEditor,959b7902,UI0006_Noir.ktid
CharacterEditor,95c12041,H6002_Cart.mtl
CharacterEditor,95dd0394,H4700_Blaster_00.grp
CharacterEditor,95ef54b6,H8169_BagShopper_06.oid
CharacterEditor,96b6fba7,H8564_C_YoungWoman_04.g1m
CharacterEditor,96f213e5,H8564_C_YoungWoman_04.mtl
CharacterEditor,973261bb,H5002_Enemy_Shield.oid
CharacterEditor,9735b4a8,H7905_Car_05.g1m
CharacterEditor,975ca4c6,H7913_Car_13.grp
CharacterEditor,9770cce6,H7905_Car_05.mtl
CharacterEditor,9783293f,H8620_C_MiddleMan_00.oidex
CharacterEditor,9787822f,H3500_Glove_L_00.oid
CharacterEditor,97902b9c,H8146_GuitarCase.grp
CharacterEditor,97b57b91,H0508_Sophia_Daily.oid
CharacterEditor,97b88536,H5103_Mask_Commander.ktid
CharacterEditor,97d09573,H3400_Katana_00.grp
CharacterEditor,983df625,H4400_ARifle_00.grp
CharacterEditor,98414a97,H4000_Handgun_00.oidex
CharacterEditor,98605114,H8164_BagShopper_01.ktid
CharacterEditor,989a00cc,UI9005_CampCar.g1m
CharacterEditor,98d5190a,UI9005_CampCar.mtl
CharacterEditor,98d55501,H8650_C_Old_00.ktid
CharacterEditor,996ca404,H8170_BagShopper_07.grp
CharacterEditor,99a0b159,H4100_Shotgun_00.grp
CharacterEditor,99a24679,H4500_Revolver_00.ktid
CharacterEditor,99cd4170,H7536_souvenir_Kyoto.oidex
CharacterEditor,9a2f0c0c,H8050_MiddleMan_00.oidex
CharacterEditor,9a3c7ecf,H1500_Guard.oid
CharacterEditor,9a7e7e1d,H0210_Alice_Shadow.swg
CharacterEditor,9a8d44da,H8080_MiddleWoman_00.ktid
CharacterEditor,9ab92f01,H7904_Car_04.oid
CharacterEditor,9b4f3c4e,H8022_YoungWoman_02.grp
CharacterEditor,9b74e66a,H0000_Joker.grp
CharacterEditor,9ba1e909,H0552_Morgana_Car.grp
CharacterEditor,9bf61789,UI9002_Spray.oidex
CharacterEditor,9c298818,UI0003_Panther_S.oidex
CharacterEditor,9c4b5f25,H4700_Blaster_00.ktid
CharacterEditor,9c759981,H6002_Cart.grp
CharacterEditor,9cc40a66,H7100_BGColor_Red.ktid
CharacterEditor,9d0b6ed3,H7905_Car_05.ktid
CharacterEditor,9d233701,H8121_VisitorWoman_01.oidex
CharacterEditor,9d2a67e4,H2210_Wish_Jewel.oid
CharacterEditor,9d9b1ff8,H0508_Sophia_Daily.swg
CharacterEditor,9da68d25,H8564_C_YoungWoman_04.grp
CharacterEditor,9e254626,H7905_Car_05.grp
CharacterEditor,9e54b286,H8602_C_PoliceMan_02.oidex
CharacterEditor,9e708933,H4800_WRevolver_R_00.oidex
CharacterEditor,9ea4f4e1,H8177_Mouth_03.g1m
CharacterEditor,9eb6ee98,H8166_BagShopper_03.ktid
CharacterEditor,9ee00d1f,H8177_Mouth_03.mtl
CharacterEditor,9ef5515f,H8504_C_YoungMan_04.oidex
CharacterEditor,9f061bb5,H8147_Uchiwa.oid
CharacterEditor,9f89924a,UI9005_CampCar.grp
CharacterEditor,9f9f5924,H3800_GreatSword_00.oid
CharacterEditor,9fa6645b,H5100_Mask_Guard.oidex
CharacterEditor,a0bf84e1,H7000_Harisen.ktid
CharacterEditor,a1c401f6,UI0000_Joker.oidex
CharacterEditor,a1d40e31,H7001_Mask.g1m
CharacterEditor,a1f65428,H7912_Car_12.g1m
CharacterEditor,a20f266f,H7001_Mask.mtl
CharacterEditor,a2316c66,H7912_Car_12.mtl
CharacterEditor,a237a1ad,H8164_BagShopper_01.oidex
CharacterEditor,a280d3a3,H8160_BagTote_01.ktid
CharacterEditor,a29ea03d,H0210_Alice_Shadow.g1m
CharacterEditor,a2d9b87b,H0210_Alice_Shadow.mtl
CharacterEditor,a3314bc4,UI0004_Fox_S.g1m
CharacterEditor,a36c6402,UI0004_Fox_S.mtl
CharacterEditor,a371dee5,H8144_SunGlass.ktid
CharacterEditor,a3f51b3d,H8169_BagShopper_06.g1m
CharacterEditor,a430337b,H8169_BagShopper_06.mtl
CharacterEditor,a50d8c1c,H8168_BagShopper_05.ktid
CharacterEditor,a5382842,H5002_Enemy_Shield.g1m
CharacterEditor,a5734080,H5002_Enemy_Shield.mtl
CharacterEditor,a58d48b6,H3500_Glove_L_00.g1m
CharacterEditor,a594865f,H8177_Mouth_03.grp
CharacterEditor,a5bb4218,H0508_Sophia_Daily.g1m
CharacterEditor,a5bee780,H7000_Harisen.oidex
CharacterEditor,a5c860f4,H3500_Glove_L_00.mtl
CharacterEditor,a5d66ec2,H8163_BagShopper_00.oid
CharacterEditor,a5f65a56,H0508_Sophia_Daily.mtl
CharacterEditor,a626bfe2,H8563_C_YoungWoman_03.oid
CharacterEditor,a631acbb,H7537_souvenir_Osaka.ktid
CharacterEditor,a651bf67,H5007_Enemy_Launcher.ktid
CharacterEditor,a6899918,H0002_Mona.oidex
CharacterEditor,a727551f,H8157_BagBusiness.ktid
CharacterEditor,a74b2644,H8123_VisitorWoman_03.ktid
CharacterEditor,a74c56f9,UI3000_Knife_00.oid
CharacterEditor,a7524213,H8103_VisitorMan_03.oidex
CharacterEditor,a7a503d0,H8145_HeadPhone.oid
CharacterEditor,a7da0c66,H8601_C_PoliceMan_01.oidex
CharacterEditor,a7ef33f2,H8504_C_YoungMan_04.oid
CharacterEditor,a8424556,H1500_Guard.g1m
CharacterEditor,a87d5d94,H1500_Guard.mtl
CharacterEditor,a8b27149,UI0003_Panther_S.ktid
CharacterEditor,a8bef588,H7904_Car_04.g1m
CharacterEditor,a8c39faf,H7001_Mask.grp
CharacterEditor,a8e5e5a6,H7912_Car_12.grp
CharacterEditor,a8fa0dc6,H7904_Car_04.mtl
CharacterEditor,a94f9bd5,H8161_BagMens.ktid
CharacterEditor,a971f390,H8162_BagLadys.ktid
CharacterEditor,a98e31bb,H0210_Alice_Shadow.grp
CharacterEditor,aa1094e6,H4600_GLauncher_00.ktid
CharacterEditor,aa20dd42,UI0004_Fox_S.grp
CharacterEditor,aa2315cc,H8150_Umbrella_V.oidex
CharacterEditor,aa9338f7,H8180_Hair_00.oidex
CharacterEditor,aabd4895,H8056_MiddleMan_06.ktid
CharacterEditor,aae4acbb,H8169_BagShopper_06.grp
CharacterEditor,ab302e6b,H2210_Wish_Jewel.g1m
CharacterEditor,ab36be78,H8021_YoungWoman_01.oidex
CharacterEditor,ab6b46a9,H2210_Wish_Jewel.mtl
CharacterEditor,abca0664,H7506_Player_Phone.oid
CharacterEditor,ac27b9c0,H5002_Enemy_Shield.grp
CharacterEditor,ac426fe1,H7903_Car_03.oid
CharacterEditor,ac78c1a6,H8103_VisitorMan_03.oid
CharacterEditor,ac7cda34,H3500_Glove_L_00.grp
CharacterEditor,ac87ac3b,H0505_Makoto_Daily.oid
CharacterEditor,acaad396,H0508_Sophia_Daily.grp
CharacterEditor,acc82a24,UI4000_Handgun_00.oid
CharacterEditor,acdffbba,GIM_UI_Other.oid
CharacterEditor,acef3591,H2005_Bicorn.oidex
CharacterEditor,ad0be23c,H8147_Uchiwa.g1m
CharacterEditor,ad46fa7a,H8147_Uchiwa.mtl
CharacterEditor,ad90f3e5,H1500_Guard.ktid
CharacterEditor,ada51fab,H3800_GreatSword_00.g1m
CharacterEditor,ade037e9,H3800_GreatSword_00.mtl
CharacterEditor,ae96298c,UI0001_Skull_S.ktid
CharacterEditor,af0c27cb,H7533_souvenir_Sappo.oid
CharacterEditor,af0ca21a,H5000_Enemy_Flashlight.ktid
CharacterEditor,af31af0c,H8161_BagMens.oidex
CharacterEditor,af31d6d4,H1500_Guard.grp
CharacterEditor,af7022a2,H0503_Ann_Daily.oidex
CharacterEditor,afa5d66e,H7902_Car_02.oidex
CharacterEditor,afae8706,H7904_Car_04.grp
CharacterEditor,afc5e1cc,H8002_YoungMan_02.oidex
CharacterEditor,aff290cc,H8052_MiddleMan_02.oidex
CharacterEditor,b0334815,H8560_C_YoungWoman_00.oidex
CharacterEditor,b0631b60,H8650_C_Old_00.oidex
CharacterEditor,b166f5a4,H3400_Katana_Saya_00.oidex
CharacterEditor,b1ef6f57,H1511_Jewelry.oidex
CharacterEditor,b21fbfe9,H2210_Wish_Jewel.grp
CharacterEditor,b233d6d1,H0506_Haru_Daily.ktid
CharacterEditor,b26d50a2,H0505_Makoto_Daily.swg
CharacterEditor,b35a4eb1,H8162_BagLadys.oidex
CharacterEditor,b3ab134b,H8021_YoungWoman_01.oid
CharacterEditor,b3dc3549,H8163_BagShopper_00.g1m
CharacterEditor,b3fb73ba,H8147_Uchiwa.grp
CharacterEditor,b4174d87,H8163_BagShopper_00.mtl
CharacterEditor,b42c8669,H8563_C_YoungWoman_03.g1m
CharacterEditor,b43cb1e3,H3300_Whip_00.ktid
CharacterEditor,b4679ea7,H8563_C_YoungWoman_03.mtl
CharacterEditor,b494b129,H3800_GreatSword_00.grp
CharacterEditor,b4bcd3f9,H8151_Chopsticks.oidex
CharacterEditor,b52cb2ea,H8570_C_YoungWoman_10.ktid
CharacterEditor,b5521d80,UI3000_Knife_00.g1m
CharacterEditor,b58d35be,UI3000_Knife_00.mtl
CharacterEditor,b5aaca57,H8145_HeadPhone.g1m
CharacterEditor,b5ce26e7,H8176_Mouth_02.oidex
CharacterEditor,b5e5e295,H8145_HeadPhone.mtl
CharacterEditor,b5e694dd,H0007_Navi.ktid
CharacterEditor,b5f4fa79,H8504_C_YoungMan_04.g1m
CharacterEditor,b63012b7,H8504_C_YoungMan_04.mtl
CharacterEditor,b6482d3e,H0508_Sophia_Daily.oidex
CharacterEditor,b64a185d,H8003_YoungMan_03.oid
CharacterEditor,b6d68ec6,H3700_Yoyo_L_00.ktid
CharacterEditor,b6f156ef,H7002_Mementos_Item.ktid
CharacterEditor,b788043e,H8569_C_YoungWoman_09.ktid
CharacterEditor,b7b98b4f,H8142_Bunko.oidex
CharacterEditor,b8147515,UI9007_Trunk.oidex
CharacterEditor,b8f5a5c8,H8181_Hair_01.oid
CharacterEditor,b94960ce,H4800_WRevolver_R_00.ktid
CharacterEditor,b98c4049,H0002_Mona.ktid
CharacterEditor,b9cfcceb,H7506_Player_Phone.g1m
CharacterEditor,ba0ae529,H7506_Player_Phone.mtl
CharacterEditor,ba20fd85,H0004_Fox.oid
CharacterEditor,ba483668,H7903_Car_03.g1m
CharacterEditor,ba5cb13a,UI4100_Shotgun_00.oid
CharacterEditor,ba7d5ceb,UI0006_Noir_S.oidex
CharacterEditor,ba7e882d,H8103_VisitorMan_03.g1m
CharacterEditor,ba834ea6,H7903_Car_03.mtl
CharacterEditor,ba8d72c2,H0505_Makoto_Daily.g1m
CharacterEditor,ba998a33,H8650_C_Old_00.oid
CharacterEditor,baa7bb3a,H8080_MiddleWoman_00.oid
CharacterEditor,bab9a06b,H8103_VisitorMan_03.mtl
CharacterEditor,bac88b00,H0505_Makoto_Daily.mtl
CharacterEditor,bacbc6c7,H8163_BagShopper_00.grp
CharacterEditor,bacdf0ab,UI4000_Handgun_00.g1m
CharacterEditor,bad4532c,H8053_MiddleMan_03.oidex
CharacterEditor,bae5c241,GIM_UI_Other.g1m
CharacterEditor,bb0908e9,UI4000_Handgun_00.mtl
CharacterEditor,bb1c17e7,H8563_C_YoungWoman_03.grp
CharacterEditor,bb20da7f,GIM_UI_Other.mtl
CharacterEditor,bbca726e,H7913_Car_13.oidex
CharacterEditor,bc41aefe,UI3000_Knife_00.grp
CharacterEditor,bc79760d,H8140_FishingRod.oidex
CharacterEditor,bc9a5bd5,H8145_HeadPhone.grp
CharacterEditor,bcaa49f3,H7904_Car_04.ktid
CharacterEditor,bcae913a,H8178_Mouth_04.oid
CharacterEditor,bcb6c7e1,H8503_C_YoungMan_03.oidex
CharacterEditor,bce48bf7,H8504_C_YoungMan_04.grp
CharacterEditor,bd0313d0,UI9008_Phone.oidex
CharacterEditor,bd11ee52,H7533_souvenir_Sappo.g1m
CharacterEditor,bd1db2c6,UI0008_Sophie.ktid
CharacterEditor,bd4d0690,H7533_souvenir_Sappo.mtl
CharacterEditor,bd622cd9,UI0005_Queen_S.oid
CharacterEditor,bdcbb0c1,H7902_Car_02.oid
CharacterEditor,bf09c876,H1001_CaptainKidd.oid
CharacterEditor,bff0ac20,H8140_FishingRod.oid
CharacterEditor,bff9182f,H8163_BagShopper_00.oidex
CharacterEditor,c018b24a,H8148_Sensu.oidex
CharacterEditor,c09fe0aa,H8153_BagShujin_01.ktid
CharacterEditor,c0bf5e69,H7506_Player_Phone.grp
CharacterEditor,c0cea617,H0003_Panther.oid
CharacterEditor,c0fddccb,H8565_C_YoungWoman_05.oidex
CharacterEditor,c137c7e6,H7903_Car_03.grp
CharacterEditor,c16e19ab,H8103_VisitorMan_03.grp
CharacterEditor,c17d0440,H0505_Makoto_Daily.grp
CharacterEditor,c1b0d9d2,H8021_YoungWoman_01.g1m
CharacterEditor,c1bb8b0a,H8152_BagShujin_00.oid
CharacterEditor,c1bd8229,UI4000_Handgun_00.grp
CharacterEditor,c1d553bf,GIM_UI_Other.grp
CharacterEditor,c1d92b3b,H8601_C_PoliceMan_01.ktid
CharacterEditor,c1ebf210,H8021_YoungWoman_01.mtl
CharacterEditor,c1efa88a,H8180_Hair_00.ktid
CharacterEditor,c1f4eee9,H8021_YoungWoman_01.ktid
CharacterEditor,c2d4d390,H0506_Haru_Daily.oidex
CharacterEditor,c2fc142e,H7100_BGColor_Red.oid
CharacterEditor,c34083b8,H8168_BagShopper_05.oid
CharacterEditor,c3530490,H8123_VisitorWoman_03.oid
CharacterEditor,c3cfb1f1,H0552_Morgana_Car.oidex
CharacterEditor,c4017fd0,H7533_souvenir_Sappo.grp
CharacterEditor,c44fdee4,H8003_YoungMan_03.g1m
CharacterEditor,c48af722,H8003_YoungMan_03.mtl
CharacterEditor,c4da1d69,H0005_Queen.oid
CharacterEditor,c68fd81b,H4600_GLauncher_00.oidex
CharacterEditor,c6fb6c4f,H8181_Hair_01.g1m
CharacterEditor,c70efcb1,UI0007_Navi_S.ktid
CharacterEditor,c736848d,H8181_Hair_01.mtl
CharacterEditor,c826c40c,H0004_Fox.g1m
CharacterEditor,c830a72f,UI9005_CampCar.ktid
CharacterEditor,c84b8c6d,H8023_YoungWoman_03.ktid
CharacterEditor,c861dc4a,H0004_Fox.mtl
CharacterEditor,c86277c1,UI4100_Shotgun_00.g1m
CharacterEditor,c89d8fff,UI4100_Shotgun_00.mtl
CharacterEditor,c89f50ba,H8650_C_Old_00.g1m
CharacterEditor,c8a06b50,H8021_YoungWoman_01.grp
CharacterEditor,c8ad81c1,H8080_MiddleWoman_00.g1m
CharacterEditor,c8da68f8,H8650_C_Old_00.mtl
CharacterEditor,c8e899ff,H8080_MiddleWoman_00.mtl
CharacterEditor,c8f834fa,H8020_YoungWoman_00.oidex
CharacterEditor,c93458e8,H4500_Revolver_00.oidex
CharacterEditor,c9c2c140,H8121_VisitorWoman_01.ktid
CharacterEditor,c9d780a6,H5100_Mask_Guard.ktid
CharacterEditor,ca2430e8,H5002_Enemy_Shield.oidex
CharacterEditor,ca85a548,H8151_Chopsticks.ktid
CharacterEditor,cab457c1,H8178_Mouth_04.g1m
CharacterEditor,cab7f3b5,H8053_MiddleMan_03.ktid
CharacterEditor,cabfe433,H7913_Car_13.ktid
CharacterEditor,caef6fff,H8178_Mouth_04.mtl
CharacterEditor,cb3f7062,H8003_YoungMan_03.grp
CharacterEditor,cb67f360,UI0005_Queen_S.g1m
CharacterEditor,cba30b9e,UI0005_Queen_S.mtl
CharacterEditor,cbb45c02,H8007_YoungMan_07.oidex
CharacterEditor,cbd17748,H7902_Car_02.g1m
CharacterEditor,cbf89ca7,UI4100_Shotgun_00.oidex
CharacterEditor,cc0c8f86,H7902_Car_02.mtl
CharacterEditor,ccb2f6dc,H8501_C_YoungMan_01.ktid
CharacterEditor,cd0f8efd,H1001_CaptainKidd.g1m
CharacterEditor,cd4aa73b,H1001_CaptainKidd.mtl
CharacterEditor,cdb45ef0,H7506_Player_Phone.ktid
CharacterEditor,cdc1b5df,H8050_MiddleMan_00.oid
CharacterEditor,cdeafdcd,H8181_Hair_01.grp
CharacterEditor,cdf672a7,H8140_FishingRod.g1m
CharacterEditor,ce1407b6,H0200_Alice.oid
CharacterEditor,ce2ce472,UI0005_Queen.oidex
CharacterEditor,ce318ae5,H8140_FishingRod.mtl
CharacterEditor,ce607fb5,H3000_Knife_00.oid
CharacterEditor,ce88d510,H0103_Lavenza.oidex
CharacterEditor,cea229f1,H8025_YoungWoman_05.ktid
CharacterEditor,ced46c9e,H0003_Panther.g1m
CharacterEditor,cf0f1ad8,H0006_Noir.ktid
CharacterEditor,cf0f84dc,H0003_Panther.mtl
CharacterEditor,cf16558a,H0004_Fox.grp
CharacterEditor,cf344423,H0200_Alice.oidex
CharacterEditor,cf52093f,UI4100_Shotgun_00.grp
CharacterEditor,cf8ee238,H8650_C_Old_00.grp
CharacterEditor,cf9d133f,H8080_MiddleWoman_00.grp
CharacterEditor,cfc15191,H8152_BagShujin_00.g1m
CharacterEditor,cffc69cf,H8152_BagShujin_00.mtl
CharacterEditor,d03760e5,GIM_UI_Road_001.oidex
CharacterEditor,d08ed06b,H7534_souvenir_Okina.ktid
CharacterEditor,d097d7ec,H8055_MiddleMan_05.oidex
CharacterEditor,d0fd381d,H8146_GuitarCase.ktid
CharacterEditor,d101dab5,H7100_BGColor_Red.g1m
CharacterEditor,d13cf2f3,H7100_BGColor_Red.mtl
CharacterEditor,d1464a3f,H8168_BagShopper_05.g1m
CharacterEditor,d158cb17,H8123_VisitorWoman_03.g1m
CharacterEditor,d1698311,UI4000_Handgun_00.oidex
CharacterEditor,d181627d,H8168_BagShopper_05.mtl
CharacterEditor,d193e355,H8123_VisitorWoman_03.mtl
CharacterEditor,d1a3e93f,H8178_Mouth_04.grp
CharacterEditor,d210b404,GIM_UI_Road_002.oidex
CharacterEditor,d25784de,UI0005_Queen_S.grp
CharacterEditor,d292fb9f,H8002_YoungMan_02.oid
CharacterEditor,d2a23dac,H8560_C_YoungWoman_00.ktid
CharacterEditor,d2c108c6,H7902_Car_02.grp
CharacterEditor,d2dfe3f0,H0005_Queen.g1m
CharacterEditor,d2f73616,UI0006_Noir_S.ktid
CharacterEditor,d3099460,H8503_C_YoungMan_03.ktid
CharacterEditor,d31afc2e,H0005_Queen.mtl
CharacterEditor,d3ea0723,GIM_UI_Road_003.oidex
CharacterEditor,d3f9ac1d,H0200_Alice.swg
CharacterEditor,d3ff207b,H1001_CaptainKidd.grp
CharacterEditor,d4420911,H3300_Whip_00.oid
CharacterEditor,d45783ce,H3700_Yoyo_L_00.oid
CharacterEditor,d48cb22a,H7500_BagMona.oidex
CharacterEditor,d4e60425,H8140_FishingRod.grp
CharacterEditor,d54062f4,H8503_C_YoungMan_03.oid
CharacterEditor,d5c3fe1c,H0003_Panther.grp
CharacterEditor,d6a7288b,H0005_Queen.ktid
CharacterEditor,d6b044b3,H0504_Yusuke_Daily.ktid
CharacterEditor,d6b0e30f,H8152_BagShujin_00.grp
CharacterEditor,d6bcd0f5,H3006_Knife_06.oid
CharacterEditor,d7ca437a,H8175_Mouth_01.ktid
CharacterEditor,d7f16c33,H7100_BGColor_Red.grp
CharacterEditor,d835dbbd,H8168_BagShopper_05.grp
CharacterEditor,d8485c95,H8123_VisitorWoman_03.grp
CharacterEditor,d8ca0926,H3400_Katana_00.ktid
CharacterEditor,d96031e4,H8505_C_YoungMan_05.ktid
CharacterEditor,d9612eda,H8178_Mouth_04.ktid
CharacterEditor,d9cf756e,H0005_Queen.grp
CharacterEditor,d9ff9f3a,H8567_C_YoungWoman_07.ktid
CharacterEditor,da783e63,H8502_C_YoungMan_02.oidex
CharacterEditor,da7a8370,H2003_Jacklantern.oid
CharacterEditor,dac9ec3b,H7532_souvenir_Sendai.oid
CharacterEditor,daec80ea,H8028_YoungWoman_08.oidex
CharacterEditor,db187ca4,H2005_Bicorn.oid
CharacterEditor,db428444,UI0007_Navi.oidex
CharacterEditor,db694d8e,H7903_Car_03.oidex
CharacterEditor,db799a4c,H8056_MiddleMan_06.oidex
CharacterEditor,db7f2a8d,H8031_YoungWoman_11.oid
CharacterEditor,dbc77c66,H8050_MiddleMan_00.g1m
CharacterEditor,dc0294a4,H8050_MiddleMan_00.mtl
CharacterEditor,dc180e55,H8157_BagBusiness.oid
CharacterEditor,dc19ce3d,H0200_Alice.g1m
CharacterEditor,dc2766c1,H2057_Silky.oidex
CharacterEditor,dc2770fe,H8160_BagTote_01.oidex
CharacterEditor,dc492513,H7903_Car_03.ktid
CharacterEditor,dc54e67b,H0200_Alice.mtl
CharacterEditor,dc66463c,H3000_Knife_00.g1m
CharacterEditor,dc866e6a,H8101_VisitorMan_01.ktid
CharacterEditor,dca15e7a,H3000_Knife_00.mtl
CharacterEditor,dcea656a,H8153_BagShujin_01.oid
CharacterEditor,dd2e2917,UI0000_Joker_S.ktid
CharacterEditor,dd62fc8e,H8001_YoungMan_01.oidex
CharacterEditor,dd6df989,H7534_souvenir_Okina.oid
CharacterEditor,ddf8ee80,H3700_Yoyo_R_00.ktid
CharacterEditor,de022ee6,UI9000_Chain.ktid
CharacterEditor,de2b7266,H8159_BagTote_00.oid
CharacterEditor,de792469,H6002_Cart.oidex
CharacterEditor,df50db68,H0505_Makoto_Daily.oidex
CharacterEditor,dfb6cf68,H8507_C_YoungMan_07.ktid
CharacterEditor,dfdf7c9c,UI9002_Spray.oid
CharacterEditor,e098c226,H8002_YoungMan_02.g1m
CharacterEditor,e0d3da64,H8002_YoungMan_02.mtl
CharacterEditor,e0de3281,H7900_Car_00.oid
CharacterEditor,e0fc424d,H8020_YoungWoman_00.oid
CharacterEditor,e111d566,H8561_C_YoungWoman_01.oid
CharacterEditor,e141efe3,H0103_Lavenza.oid
CharacterEditor,e1f0aaca,H6000_Skateboard.ktid
CharacterEditor,e1fe184e,H7909_Car_09.oidex
CharacterEditor,e247cf98,H3300_Whip_00.g1m
CharacterEditor,e25d4a55,H3700_Yoyo_L_00.g1m
CharacterEditor,e282e7d6,H3300_Whip_00.mtl
CharacterEditor,e2986293,H3700_Yoyo_L_00.mtl
CharacterEditor,e2b70de4,H8050_MiddleMan_00.grp
CharacterEditor,e2d52f17,H8101_VisitorMan_01.oidex
CharacterEditor,e2dd0bee,H8103_VisitorMan_03.ktid
CharacterEditor,e3095fbb,H0200_Alice.grp
CharacterEditor,e346297b,H8503_C_YoungMan_03.g1m
CharacterEditor,e355d7ba,H3000_Knife_00.grp
CharacterEditor,e36770ac,UI9007_Trunk.ktid
CharacterEditor,e38141b9,H8503_C_YoungMan_03.mtl
CharacterEditor,e4533b0d,H5007_Enemy_Launcher.oid
CharacterEditor,e4ab73f9,H0505_Makoto_Daily.ktid
CharacterEditor,e4c2977c,H3006_Knife_06.g1m
CharacterEditor,e4fdafba,H3006_Knife_06.mtl
CharacterEditor,e5a926a7,H8080_MiddleWoman_00.oidex
CharacterEditor,e608beb4,H4400_ARifle_00.ktid
CharacterEditor,e638466a,H7001_Mask.ktid
CharacterEditor,e66d53fd,UI9004_Key.oidex
CharacterEditor,e6e82427,H6001_Snowboard.oidex
CharacterEditor,e6f6ab6e,H3600_Axe_00.ktid
CharacterEditor,e714a787,H8179_Mouth_05.oidex
CharacterEditor,e76ca0d1,UI9010_Book.ktid
CharacterEditor,e780732e,H8159_BagTote_00.ktid
CharacterEditor,e78853a4,H8002_YoungMan_02.grp
CharacterEditor,e7cf0b9a,H1008_Pandora.ktid
CharacterEditor,e88049f7,H2003_Jacklantern.g1m
CharacterEditor,e885e53f,H8631_C_MiddleMan_11.oidex
CharacterEditor,e8bb6235,H2003_Jacklantern.mtl
CharacterEditor,e8bdf41a,H8179_Mouth_05.oid
CharacterEditor,e8cfb2c2,H7532_souvenir_Sendai.g1m
CharacterEditor,e90acb00,H7532_souvenir_Sendai.mtl
CharacterEditor,e91e432b,H2005_Bicorn.g1m
CharacterEditor,e9376116,H3300_Whip_00.grp
CharacterEditor,e94a2dbb,H8182_Selfie_00.oidex
CharacterEditor,e94cdbd3,H3700_Yoyo_L_00.grp
CharacterEditor,e9595b69,H2005_Bicorn.mtl
CharacterEditor,e975f443,H7536_souvenir_Kyoto.oid
CharacterEditor,e984f114,H8031_YoungWoman_11.g1m
CharacterEditor,e991d62e,GIM_UI_town_001.ktid
CharacterEditor,e9c00952,H8031_YoungWoman_11.mtl
CharacterEditor,ea1dd4dc,H8157_BagBusiness.g1m
CharacterEditor,ea223c6d,H0110_Miyako.oidex
CharacterEditor,ea35baf9,H8503_C_YoungMan_03.grp
CharacterEditor,ea49d127,H8174_Mouth_00.oidex
CharacterEditor,ea58ed1a,H8157_BagBusiness.mtl
CharacterEditor,ea5e6159,H3200_Sword_00.ktid
CharacterEditor,ea5ebf53,H7912_Car_12.ktid
CharacterEditor,ea9c8f42,H8620_C_MiddleMan_00.ktid
CharacterEditor,eab29ed5,H8050_MiddleMan_00.ktid
CharacterEditor,eaf02bf1,H8153_BagShujin_01.g1m
CharacterEditor,eb2b442f,H8153_BagShujin_01.mtl
CharacterEditor,eb365d15,H8150_Umbrella_V.ktid
CharacterEditor,eb73c010,H7534_souvenir_Okina.g1m
CharacterEditor,ebaed84e,H7534_souvenir_Okina.mtl
CharacterEditor,ebb228fa,H3006_Knife_06.grp
CharacterEditor,ebdb0232,H0004_Fox.oidex
CharacterEditor,ec2c89bb,H4500_Revolver_00.oid
CharacterEditor,ec3138ed,H8159_BagTote_00.g1m
CharacterEditor,ec40db87,H0001_Skull.oidex
CharacterEditor,ec6c512b,H8159_BagTote_00.mtl
CharacterEditor,ec7ab330,UI4000_Handgun_00.ktid
CharacterEditor,ec8017dd,GIM_UI_Road_002.ktid
CharacterEditor,ecb439ae,H4600_GLauncher_00.oid
CharacterEditor,ecdd9613,H8001_YoungMan_01.ktid
CharacterEditor,ed1e9285,H7002_Mementos_Item.oid
CharacterEditor,ed3415eb,H0002_Mona.oid
CharacterEditor,ed79a14f,H8563_C_YoungWoman_03.oidex
CharacterEditor,ede54323,UI9002_Spray.g1m
CharacterEditor,ee205b61,UI9002_Spray.mtl
CharacterEditor,ee261e02,UI9009_Map.ktid
CharacterEditor,ee42b862,H3000_Knife_00.oidex
CharacterEditor,eeb21c7a,H1008_Pandora.oid
CharacterEditor,eedbdee1,H8001_YoungMan_01.oid
CharacterEditor,eee3f908,H7900_Car_00.g1m
CharacterEditor,eef29e2e,H0009_Wolf.oidex
CharacterEditor,eefbf2fb,H3400_Saya_00.oidex
CharacterEditor,ef0208d4,H8020_YoungWoman_00.g1m
CharacterEditor,ef179bed,H8561_C_YoungWoman_01.g1m
CharacterEditor,ef1f1146,H7900_Car_00.mtl
CharacterEditor,ef21071b,UI0005_Queen_S.ktid
CharacterEditor,ef3d2112,H8020_YoungWoman_00.mtl
CharacterEditor,ef40d3ae,UI9001_Lip.oidex
CharacterEditor,ef47b66a,H0103_Lavenza.g1m
CharacterEditor,ef52b42b,H8561_C_YoungWoman_01.mtl
CharacterEditor,ef5d145a,GIM_UI_Other.ktid
CharacterEditor,ef6fdb75,H2003_Jacklantern.grp
CharacterEditor,ef82cea8,H0103_Lavenza.mtl
CharacterEditor,efbf4440,H7532_souvenir_Sendai.grp
CharacterEditor,f00dd4a9,H2005_Bicorn.grp
CharacterEditor,f0748292,H8031_YoungWoman_11.grp
CharacterEditor,f091b2ba,H8167_BagShopper_04.oid
CharacterEditor,f0a13640,UI1007_Necronomicon.oid
CharacterEditor,f106bed6,UI0004_Fox.oidex
CharacterEditor,f10d665a,H8157_BagBusiness.grp
CharacterEditor,f1dfbd6f,H8153_BagShujin_01.grp
CharacterEditor,f2590194,H5007_Enemy_Launcher.g1m
CharacterEditor,f263518e,H7534_souvenir_Okina.grp
CharacterEditor,f29419d2,H5007_Enemy_Launcher.mtl
CharacterEditor,f30f1e49,UI0000_Joker.oid
CharacterEditor,f320ca6b,H8159_BagTote_00.grp
CharacterEditor,f35929e2,H8142_Bunko.oid
CharacterEditor,f367281a,H0001_Skull.oid
CharacterEditor,f4aa87de,H0200_Alice.ktid
CharacterEditor,f4d4d4a1,UI9002_Spray.grp
CharacterEditor,f4d65339,H7537_souvenir_Osaka.oid
CharacterEditor,f5657f56,H8569_C_YoungWoman_09.oid
CharacterEditor,f5d38a86,H7900_Car_00.grp
CharacterEditor,f5f19a52,H8020_YoungWoman_00.grp
CharacterEditor,f6072d6b,H8561_C_YoungWoman_01.grp
CharacterEditor,f63747e8,H0103_Lavenza.grp
CharacterEditor,f6c3baa1,H8179_Mouth_05.g1m
CharacterEditor,f6cfcd28,UI9007_Trunk.oid
CharacterEditor,f6ed3226,H3600_Axe_00.oid
CharacterEditor,f6fed2df,H8179_Mouth_05.mtl
CharacterEditor,f724ca0a,UI0000_Joker_S.oidex
CharacterEditor,f77bbaca,H7536_souvenir_Kyoto.g1m
CharacterEditor,f7b6d308,H7536_souvenir_Kyoto.mtl
CharacterEditor,f7d81b2a,H4000_Handgun_00.oid
CharacterEditor,f8193fca,H8154_BagShujin_02.oid
CharacterEditor,f839b4e5,H8501_C_YoungMan_01.oidex
CharacterEditor,f9489312,H5007_Enemy_Launcher.grp
CharacterEditor,f957cdfc,H8144_SunGlass.oidex
CharacterEditor,f98a5cf9,H4800_WRevolver_L_00.oidex
CharacterEditor,fa325042,H4500_Revolver_00.g1m
CharacterEditor,fa34d0e2,H8623_C_MiddleMan_03.ktid
CharacterEditor,fa376f1c,UI9006_Icecream.oid
CharacterEditor,fa46ea1c,UI0002_Mona_S.oidex
CharacterEditor,fa533fd2,H8631_C_MiddleMan_11.oid
CharacterEditor,fa6d6880,H4500_Revolver_00.mtl
CharacterEditor,faba0035,H4600_GLauncher_00.g1m
CharacterEditor,fac301b1,UI0002_Mona.ktid
CharacterEditor,faf51873,H4600_GLauncher_00.mtl
CharacterEditor,fafee66e,H1100_Funnel.oid
CharacterEditor,fb24590c,H7002_Mementos_Item.g1m
CharacterEditor,fb33549a,H0502_Morgana_Daily.oid
CharacterEditor,fb39dc72,H0002_Mona.g1m
CharacterEditor,fb420840,H0008_Sophie.oid
CharacterEditor,fb5e8ab6,GIM_UI_Road_003.oid
CharacterEditor,fb5f714a,H7002_Mementos_Item.mtl
CharacterEditor,fb74f4b0,H0002_Mona.mtl
CharacterEditor,fbe80033,H7902_Car_02.ktid
CharacterEditor,fbf31eb8,H1504_Drone.oid
CharacterEditor,fc773a36,H8565_C_YoungWoman_05.ktid
CharacterEditor,fcb7e301,H1008_Pandora.g1m
CharacterEditor,fce1a568,H8001_YoungMan_01.g1m
CharacterEditor,fcf2fb3f,H1008_Pandora.mtl
CharacterEditor,fd18bcf7,H7500_BagMona.ktid
CharacterEditor,fd1cbda6,H8001_YoungMan_01.mtl
CharacterEditor,fd5c1021,UI0001_Skull.oidex
CharacterEditor,fd7b8e63,H0506_Haru_Daily.oid
CharacterEditor,fdb34c1f,H8179_Mouth_05.grp
CharacterEditor,fdc0ce44,H0003_Panther.oidex
CharacterEditor,fded0fbf,H3000_Knife_00.ktid
CharacterEditor,fe3e1a14,H8121_VisitorWoman_01.oid
CharacterEditor,fe665743,H8025_YoungWoman_05.oid
CharacterEditor,fe6b4c48,H7536_souvenir_Kyoto.grp
CharacterEditor,fe876028,H8560_C_YoungWoman_00.oid
CharacterEditor,fe8da7cb,H5001_Enemy_Club.ktid
CharacterEditor,fe977941,H8167_BagShopper_04.g1m
CharacterEditor,fea6fcc7,UI1007_Necronomicon.g1m
CharacterEditor,fea8dc41,H0504_Yusuke_Daily.oid
CharacterEditor,febff5de,H0210_Alice_Shadow.ktid
CharacterEditor,fed2917f,H8167_BagShopper_04.mtl
CharacterEditor,fee21505,UI1007_Necronomicon.mtl
CharacterEditor,ff5cfbd7,GIM_UI_Road_002.oid
FieldEditor4,6fa4591f,txt_vvr_arcana_11.kidstask
ScreenLayout,00edd931,02_camp_event_off_icon.kscl
ScreenLayout,01868624,05_event_subtitles.kscl
ScreenLayout,051e6f7f,00_common_menu_Persona_01.kscl
ScreenLayout,05a7f155,02_camp_wipe_calendar.kscl
ScreenLayout,062b733f,01_battle_effect_jail.kscl
ScreenLayout,075a2e44,00_common_menu_Persona_06.kscl
ScreenLayout,0a062230,03_title_bg_behind_02.kscl
ScreenLayout,0a5b0d84,00_common_eff_text.kscl
ScreenLayout,0b807191,00_common_map_iconlist.kscl
ScreenLayout,0cc9864f,00_common_win_still_disp.kscl
ScreenLayout,0e9fc1d1,01_battle_target_reticle.kscl
ScreenLayout,116651d1,01_battle_wipe_tear.kscl
ScreenLayout,139fd976,00_common_screen_filter_black.kscl
ScreenLayout,153d8e86,03_title_win_trial.texinfo
ScreenLayout,165a142f,01_battle_target_suggest_skill.kscl
ScreenLayout,1bf8fa4d,01_battle_suggest_skill.kscl
ScreenLayout,208dc348,00_common_effect_buchi.kscl
ScreenLayout,21486ad3,00_common_menu_System_08.kscl
ScreenLayout,21939be9,02_camp_common_shop.kscl
ScreenLayout,2338a61f,02_camp_shop_model.kscl
ScreenLayout,236126d6,02_camp_icon_request.kscl
ScreenLayout,252fa8d8,01_battle_playergauge_m_navi.kscl
ScreenLayout,257f4584,01_battle_gauge_boss.kscl
ScreenLayout,2626c68e,00_common_keyguide.kscl
ScreenLayout,287a3c40,01_battle_showtime_out_skull.kscl
ScreenLayout,29b82dc7,01_battle_showtime_out_noir.kscl
ScreenLayout,2adddba0,01_battle_showtime_over.kscl
ScreenLayout,2b151724,02_camp_wipe_change_jail_character.kscl
ScreenLayout,2b9a8e24,00_common_velvetroom_combine_result.kscl
ScreenLayout,2cc95a57,00_common_menu_System_04.kscl
ScreenLayout,2d81651c,00_common_menu_Status_02.kscl
ScreenLayout,2e0cbf28,00_common_loading_00.kscl
ScreenLayout,2e47c485,01_battle_target_gun.kscl
ScreenLayout,2f4b77e8,01_battle_hpgauge.kscl
ScreenLayout,32043c37,00_common_menu_skill_succeed.kscl
ScreenLayout,32c59c4b,01_battle_effect_alloutatk_out.kscl
ScreenLayout,33eeed4e,01_battle_showtime_out_fox.kscl
ScreenLayout,365e6413,02_camp_shop_07_list_02.kscl
ScreenLayout,36fc53ca,00_common_wipe_entry_jail.kscl
ScreenLayout,39a8aec2,00_common_menu_Persona_04.kscl
ScreenLayout,3a019eef,01_battle_gauge_down.kscl
ScreenLayout,3a61c8d0,03_title_win_trial.kscl
ScreenLayout,3b21a77c,01_battle_gameover_screen.kscl
ScreenLayout,3b355b55,00_common_loading_campingcar.kscl
ScreenLayout,3d46c692,01_battle_win_speech.kscl
ScreenLayout,3fa51dc5,01_battle_effect_kabau.kscl
ScreenLayout,40bfee6e,01_battle_win_skill_enemy.kscl
ScreenLayout,4240c708,00_common_velvetroom_combine.kscl
ScreenLayout,45022fcd,02_camp_shop_bg.kscl
ScreenLayout,460c9d1e,01_battle_playergauge_m01.kscl
ScreenLayout,4668a7d8,01_battle_damage_effect.kscl
ScreenLayout,4686c485,02_camp_sns_frame.kscl
ScreenLayout,47321d44,02_camp_piceff.kscl
ScreenLayout,48d0d440,00_common_menu_Band.kscl
ScreenLayout,495bffea,01_battle_showtime_cut.kscl
ScreenLayout,498d95b1,01_battle_playergauge_m_pad.kscl
ScreenLayout,4a0e8398,01_battle_hacking.kscl
ScreenLayout,4c68ae39,01_battle_target_analyze.kscl
ScreenLayout,514c64c4,00_common_wipe_01.kscl
ScreenLayout,54687b65,00_common_eff_headpos.kscl
ScreenLayout,587d6370,00_common_menu_bg.kscl
ScreenLayout,5897d8fe,00_common_win_get.kscl
ScreenLayout,58c88e16,01_battle_win_tutorial.kscl
ScreenLayout,5933a632,00_common_guide_action.kscl
ScreenLayout,598402b5,01_battle_target_point.kscl
ScreenLayout,5a34991f,01_battle_gauge_railgun.kscl
ScreenLayout,5a578e46,05_event_log_talk.kscl
ScreenLayout,5aa874b0,05_event_win_think.kscl
ScreenLayout,5b07603a,00_common_gauge_result_band_exp.kscl
ScreenLayout,5e4bad77,04_tutorial_win_00.kscl
ScreenLayout,60342a98,05_event_cutin.kscl
ScreenLayout,61103f46,05_event_wipe_black.kscl
ScreenLayout,615aef7d,00_common_menu_Equip_03.kscl
ScreenLayout,645868e2,05_event_staffroll.kscl
ScreenLayout,64e5c6ec,00_common_menu.kscl
ScreenLayout,65991260,01_battle_win_mission.kscl
ScreenLayout,65ab777b,00_common_menu_Equip_01.kscl
ScreenLayout,681e19f1,00_common_velvetroom_strengthen.kscl
ScreenLayout,6937b7b9,00_common_menu_Status_bg.kscl
ScreenLayout,69e91e76,00_common_menu_System_05.kscl
ScreenLayout,6bcb6f48,01_battle_effect_danger.kscl
ScreenLayout,6bf72f40,00_common_menu_Persona_02.kscl
ScreenLayout,6cde953f,01_battle_showtime_out_panther.kscl
ScreenLayout,6ec9b5ce,02_camp_agit.kscl
ScreenLayout,727e1d6f,01_battle_target_lockon.kscl
ScreenLayout,7359b261,00_common_eff_window.kscl
ScreenLayout,745363b7,01_battle_guide_PM.kscl
ScreenLayout,756a0dfa,00_common_menu_System_01.kscl
ScreenLayout,75bd8299,05_event_skip_noise.kscl
ScreenLayout,766ffac2,01_battle_wipe_torii_gate.kscl
ScreenLayout,76c4ba65,00_common_destination_distance.kscl
ScreenLayout,7729a8e6,01_battle_menu_3partyselect.kscl
ScreenLayout,7cfed045,01_battle_guide_skill.kscl
ScreenLayout,7d8fc895,00_common_menu_strengthen.kscl
ScreenLayout,82ef8d42,00_common_menu_model.kscl
ScreenLayout,8451fafc,01_battle_playergauge_m_headdisp.kscl
ScreenLayout,88f4d9f9,02_camp_shop_top_wipe.kscl
ScreenLayout,8ba11ede,00_common_menu_Item_01.kscl
ScreenLayout,8c038077,00_common_disp_area_name_text.kscl
ScreenLayout,8c7adf01,00_common_pause.kscl
ScreenLayout,8e0c50fc,00_common_menu_Persona_04_gauge.kscl
ScreenLayout,90515174,02_camp_smartphone_movie_screen.kscl
ScreenLayout,9060762b,05_event_win_think_select.kscl
ScreenLayout,910bb632,00_common_velvetroom_top.kscl
ScreenLayout,9155dfcd,01_battle_showtime_out_sophie.kscl
ScreenLayout,91b8624c,00_common_map_select.kscl
ScreenLayout,93fff879,00_common_fxaa.kscl
ScreenLayout,9644ac7c,01_battle_wipe_joker.kscl
ScreenLayout,96969ed8,02_camp_shop_extra.kscl
ScreenLayout,987a74b4,00_common_win_temp.kscl
ScreenLayout,9b92d3cc,02_camp_wipe_chara.kscl
ScreenLayout,9be93728,00_common_win_money.kscl
ScreenLayout,9c019e9c,00_common_menu_Item_03.kscl
ScreenLayout,9c02f45e,02_camp_sns_member.kscl
ScreenLayout,9c07b63f,02_camp_input_name_player.kscl
ScreenLayout,9c557752,01_battle_effect_hit.kscl
ScreenLayout,9c5e11d6,02_camp_shop_07_buy.kscl
ScreenLayout,9de896ea,00_common_menu_status_ma.kscl
ScreenLayout,9f2bb302,05_event_skip_keyguide.kscl
ScreenLayout,a0816e83,00_common_menu_Persona_05.kscl
ScreenLayout,a0f447cf,02_camp_shop_wipe.kscl
ScreenLayout,a17579a6,00_common_win_situation.kscl
ScreenLayout,a276c4d2,00_common_velvetroom_roster.kscl
ScreenLayout,a708e295,00_common_menu_System_06.kscl
ScreenLayout,a73ddc98,05_event_select_win.kscl
ScreenLayout,a7c0ed5a,00_common_menu_Status_04.kscl
ScreenLayout,a7cd1c53,01_battle_showtime_out_queen.kscl
ScreenLayout,a8884167,02_camp_agit_jail.kscl
ScreenLayout,a94cc3f5,00_common_wipe_velvet_room_in.kscl
ScreenLayout,ab1a6cfb,05_event_select.kscl
ScreenLayout,ab274be4,00_common_skyfilter.kscl
ScreenLayout,ac029493,02_camp_sns_bg.kscl
ScreenLayout,ace55cdf,01_battle_playergauge_m02.kscl
ScreenLayout,ad170107,03_title_win_01.kscl
ScreenLayout,af34b5e2,00_common_wipe_velvet_room_out.kscl
ScreenLayout,b05e1dae,05_event_win_talk.kscl
ScreenLayout,b16d5e59,01_battle_effect_chance.kscl
ScreenLayout,b311b598,01_battle_alert_level.kscl
ScreenLayout,b4bb5832,03_title_bg_front.kscl
ScreenLayout,b4c42d9e,00_common_velvetroom_roster_overwrite.kscl
ScreenLayout,b67846fc,05_event_stl_flashback.kscl
ScreenLayout,b7900773,02_camp_shop_top.kscl
ScreenLayout,b886a812,02_camp_shop_07_list_01.kscl
ScreenLayout,bbb08892,00_common_win_phantom_pt.kscl
ScreenLayout,bf22acf9,01_battle_win_select_three.kscl
ScreenLayout,c0acde57,00_common_mission.kscl
ScreenLayout,c0b5d1ef,01_battle_showtime_out_wolf.kscl
ScreenLayout,c2462ddf,01_battle_guide_alloutatk.kscl
ScreenLayout,c4744129,00_common_wipe_brush.kscl
ScreenLayout,cb3c173e,02_camp_sns_hero.kscl
ScreenLayout,cc4d850a,00_common_velvetroom_roster_explain.kscl
ScreenLayout,cda2a84a,00_common_screen_blank.kscl
ScreenLayout,cdce3066,01_battle_target_break.kscl
ScreenLayout,cf73d095,05_event_win_frame.kscl
ScreenLayout,cfd515b9,00_common_win_system.kscl
ScreenLayout,d0f8bd0c,01_battle_guide_attack.kscl
ScreenLayout,d1a005aa,01_battle_showtime_out_joker.kscl
ScreenLayout,d1b3bf70,01_battle_gauge_escape.kscl
ScreenLayout,d2cfef01,00_common_menu_Persona_03.kscl
ScreenLayout,d36ff783,01_battle_mission.kscl
ScreenLayout,d49ca9a2,01_battle_gauge_bullets.kscl
ScreenLayout,d52efa39,02_camp_cooking.kscl
ScreenLayout,d63e3f94,00_common_cursor_00.kscl
ScreenLayout,d67ee47d,00_common_date.kscl
ScreenLayout,d7697b63,01_battle_guide_target.kscl
ScreenLayout,d886bfa0,02_camp_interview_01.kscl
ScreenLayout,d9336b3f,02_camp_interview_02.kscl
ScreenLayout,d95d41c4,01_battle_guide_stick.kscl
ScreenLayout,d9e016de,02_camp_interview_03.kscl
ScreenLayout,dcb08b72,01_battle_jail_entrance.kscl
ScreenLayout,dcb16d2e,02_camp_shop_extra_front.kscl
ScreenLayout,dd18ee56,01_battle_target_gimmick.kscl
ScreenLayout,df261530,00_common_minimap.kscl
ScreenLayout,df33dd5d,01_battle_playergauge_m00.kscl
ScreenLayout,e03491ae,03_title_bg_behind_00.kscl
ScreenLayout,e383337c,00_common_menu_Equip_02.kscl
ScreenLayout,e3849dec,01_battle_suggest_skill_headdisp.kscl
ScreenLayout,e3af77f2,01_battle_showtime_out_mona.kscl
ScreenLayout,e428a6b4,00_common_menu_System_07.kscl
ScreenLayout,e44e3766,01_battle_showtime_capture.kscl
ScreenLayout,e7a20d7f,00_common_screen_black.kscl
ScreenLayout,e7f7a8ba,01_battle_effect_alloutatk.kscl
ScreenLayout,ebec9bc3,02_camp_shop_07_header.kscl
ScreenLayout,ed7dcfd1,03_title_win_trial.g1t
ScreenLayout,ee4bdf10,02_camp_wipe_timezone.kscl
ScreenLayout,f061a0fd,00_common_menu_Status_01.kscl
ScreenLayout,f36bcb2f,01_battle_playergauge.kscl
ScreenLayout,f51d59ef,03_title_bg_behind_01.kscl
ScreenLayout,f669b23c,00_common_menu_Request.kscl
ScreenLayout,f7807b69,00_common_velvetroom_roster_get.kscl
ScreenLayout,fa867f6f,01_battle_guide_onemore.kscl
ScreenLayout,fc634960,01_battle_hpvalue.kscl
ScreenLayout,ff096248,00_common_menu_Band_icon.kscl
